date,A2C Agent 1,A2C Agent 2,SAC Agent 1,SAC Agent 2,Mean Var,djia
2025-02-13 14:30:00+00:00,1000000.0,1000000.0,1000000.0,1000000.0,950570.95090763,1000000.0
2025-02-13 15:30:00+00:00,1000000.0,1000000.0,1000000.0,1000000.0,950570.95090763,1000356.6620786688
2025-02-13 16:30:00+00:00,1000000.0,1000000.0,1000000.0,1000000.0,950570.95090763,1001051.186806244
2025-02-13 17:30:00+00:00,1000000.0,1000000.0,1000000.0,1000000.0,950570.95090763,1000565.8276967255
2025-02-13 18:30:00+00:00,1000000.0,1000000.0,1000000.0,1000000.0,950570.95090763,1005379.1844983065
2025-02-13 19:30:00+00:00,1000000.0,1000000.0,1000000.0,1000000.0,950570.95090763,1006581.4695250702
2025-02-13 20:30:00+00:00,999968.4276601563,999968.4276601563,999876.6705474854,999876.6705474854,949789.3665523472,1005527.8229803526
2025-02-14 14:30:00+00:00,1000655.1430039062,1000655.1430039062,1002559.1523590088,1002559.1523590088,969101.9152138492,1003631.2767694218
2025-02-14 15:30:00+00:00,1000092.1586777343,1000092.1586777343,1000359.9948348999,1000359.9948348999,959129.2674516514,1003390.222399011
2025-02-14 16:30:00+00:00,1000156.6451874999,1000156.6451874999,1000611.8952636719,1000611.8952636719,960253.531649023,1002707.469276988
2025-02-14 17:30:00+00:00,1000521.5447988281,1000521.5447988281,1002037.2843704224,1002037.2843704224,964449.4845122213,1003156.9864830343
2025-02-14 18:30:00+00:00,1000874.4538671875,1000874.4538671875,1003415.8354187012,1003415.8354187012,967837.1715690172,1002915.9321126237
2025-02-14 19:30:00+00:00,1001345.213296875,1001345.213296875,1005254.739440918,1005254.739440918,971665.0489920733,1001303.6613909962
2025-02-14 20:30:00+00:00,1001834.2838144532,1001834.2838144532,1007165.1711502075,1007165.1711502075,975140.4955206236,1001611.3922436011
2025-02-18 14:30:00+00:00,1003890.11325,1003890.11325,1015195.7548828125,1015195.7548828125,987780.9669315023,999914.787631451
2025-02-18 15:30:00+00:00,1004556.9134570314,1004556.9134570314,1017800.4431915283,1017800.4431915283,991538.0152815065,999751.0393273529
2025-02-18 16:30:00+00:00,1002806.9850273438,1002806.9850273438,1010964.7852630615,1010964.7852630615,982900.2973106597,1000249.3999116601
2025-02-18 17:30:00+00:00,1003075.3820078126,1003075.3820078126,1012013.2109680176,1012013.2109680176,984209.2957318465,1000194.3193394127
2025-02-18 18:30:00+00:00,1002098.3117695313,1002098.3117695313,1008196.5303497314,1008196.5303497314,980161.5374345045,997538.1531791593
2025-02-18 19:30:00+00:00,1002035.465701172,1002035.465701172,1007951.0378952026,1007951.0378952026,979985.2684100405,999487.6716150747
2025-02-18 20:30:00+00:00,1001749.0095644533,1001749.0095644533,1006909.7536190186,1006909.7536190186,979002.8766676175,1001978.8596019932
2025-02-19 14:30:00+00:00,1001567.3213339845,1001567.3213339845,1006331.9803951416,1006331.9803951416,978441.0660321981,998759.5011790931
2025-02-19 15:30:00+00:00,1002894.9109218752,1002894.9109218752,1010797.3530452881,1010797.3530452881,982783.0703728095,999193.5571718771
2025-02-19 16:30:00+00:00,1002569.8725390626,1002569.8725390626,1009834.6548031006,1009834.6548031006,981846.9693407624,998128.22686941
2025-02-19 17:30:00+00:00,1004558.1090312501,1004558.1090312501,1015792.0113704834,1015792.0113704834,987639.7374030869,998495.5185321968
2025-02-19 18:30:00+00:00,1004041.4352500001,1004041.4352500001,1014385.2112606202,1014385.2112606202,986271.8040497085,1002163.691378722
2025-02-19 19:30:00+00:00,1000997.5715585939,1000997.5715585939,1006255.3921077881,1006255.3921077881,978366.5937087924,1002090.3384635278
2025-02-19 20:30:00+00:00,1000756.1722695314,1000756.1722695314,1005682.0268428955,1005682.0268428955,977809.0692502598,1003455.9325553767
2025-02-20 14:30:00+00:00,998914.8358769533,998914.8358769533,1001208.7198665772,1001208.7198665772,973459.3497912524,993663.7136920639
2025-02-20 15:30:00+00:00,997912.2018144534,997912.2018144534,998893.3292110596,998893.3292110596,971207.9282271108,990656.6834081152
2025-02-20 16:30:00+00:00,1001990.4955078127,1001990.4955078127,1008137.4803951416,1008137.4803951416,980196.6840849752,990767.8108784393
2025-02-20 17:30:00+00:00,1001673.1214550784,1001673.1214550784,1007487.5268428955,1007487.5268428955,979564.6873030368,988790.6203846962
2025-02-20 18:30:00+00:00,1002743.5460312503,1002743.5460312503,1009761.7030819092,1009761.7030819092,981776.0331132881,990943.4186358923
2025-02-20 19:30:00+00:00,1003066.4635039065,1003066.4635039065,1010448.4630916748,1010448.4630916748,982443.8194722302,992574.8401784927
2025-02-20 20:30:00+00:00,1003865.2008359378,1003865.2008359378,1012037.3119075928,1012037.3119075928,983988.7719310276,993592.2055807249
2025-02-21 14:30:00+00:00,1000429.6678203128,1000429.6678203128,1005609.7363155518,1005609.7363155518,977738.7759493185,985062.7988801864
2025-02-21 15:30:00+00:00,1000289.6627871096,1000289.6627871096,1005387.3547847901,1005387.3547847901,977522.5383253864,985044.7900806478
2025-02-21 16:30:00+00:00,999419.4702890628,999419.4702890628,1003884.4611690674,1003884.4611690674,976061.1663158787,983205.4327892275
2025-02-21 17:30:00+00:00,991709.3278652347,991709.3278652347,990732.4339473877,990732.4339473877,963272.5003391437,978119.0450170793
2025-02-21 18:30:00+00:00,983974.367761719,983974.367761719,977925.6601131592,977925.6601131592,950819.5491670565,975331.5463918975
2025-02-21 19:30:00+00:00,982627.8572968752,982627.8572968752,975782.9512508545,975782.9512508545,948736.0385824499,977340.9770292052
2025-02-21 20:30:00+00:00,978785.916058594,978785.916058594,969788.6780269776,969788.6780269776,942907.3737886996,976725.6910196003
2025-02-24 14:30:00+00:00,972422.4345761721,972422.4345761721,960111.1142757569,960111.1142757569,933497.1795884541,977555.5013632223
2025-02-24 15:30:00+00:00,977804.4625058597,977804.4625058597,968127.5386837159,968127.5386837159,941292.1280289608,980051.784522693
2025-02-24 16:30:00+00:00,980582.8893710941,980582.8893710941,972171.9512508545,972171.9512508545,945224.8024768959,980936.3240473521
2025-02-24 17:30:00+00:00,980668.0043203128,980668.0043203128,972316.3119075928,972316.3119075928,945365.174769934,981696.8224747007
2025-02-24 18:30:00+00:00,970679.6049921878,970679.6049921878,958594.5559871827,958594.5559871827,932022.5204305978,981028.9156313217
2025-02-24 19:30:00+00:00,969856.2496445316,969856.2496445316,957511.3000667725,957511.3000667725,930969.1924607005,979514.9466008347
2025-02-24 20:30:00+00:00,956244.393964844,956244.393964844,939672.9512508545,939672.9512508545,913623.6775269102,977557.3461670773
2025-02-25 14:30:00+00:00,929419.3661640629,929419.3661640629,905296.1607235108,905296.1607235108,880196.6412232063,974074.8835753071
2025-02-25 15:30:00+00:00,934299.3578007815,934299.3578007815,911434.9048031005,911434.9048031005,886165.7854644168,976187.5353807025
2025-02-25 16:30:00+00:00,948031.6351679692,948031.6351679692,928298.2130916748,928298.2130916748,902563.1980708775,977869.4694098139
2025-02-25 17:30:00+00:00,947082.7113125003,947082.7113125003,927178.8119075928,927178.8119075928,901474.7234505095,978466.7466198801
2025-02-25 18:30:00+00:00,940307.8893281254,940307.8893281254,919234.6229274903,919234.6229274903,893750.014733733,977983.6715532299
2025-02-25 19:30:00+00:00,949981.8751357426,949981.8751357426,930392.6548031006,930392.6548031006,904599.7750185753,982931.9625796472
2025-02-25 20:30:00+00:00,935981.3536123049,935981.3536123049,914612.5473354491,914612.5473354491,889255.6368048007,981069.6770117411
2025-02-26 14:30:00+00:00,960902.1029804691,960902.1029804691,942200.5851314698,942200.5851314698,916081.4785081447,985283.6482559927
2025-02-26 15:30:00+00:00,973964.4210058597,973964.4210058597,956391.7886837159,956391.7886837159,929880.6106859104,984135.5653234504
2025-02-26 16:30:00+00:00,974909.4425898441,974909.4425898441,957415.8677547608,957415.8677547608,930876.3967311044,983097.7313832057
2025-02-26 17:30:00+00:00,959813.2917265629,959813.2917265629,941660.3897579346,941660.3897579346,915556.2075306842,975687.32999254
2025-02-26 18:30:00+00:00,956380.8029199223,956380.8029199223,938156.2827633057,938156.2827633057,912148.9112146317,976606.2180080265
2025-02-26 19:30:00+00:00,962441.8983118137,962441.8983118137,944295.0268428955,944295.0268428955,918118.0554558424,976405.6614746272
2025-02-26 20:30:00+00:00,968107.445815781,968107.445815781,949928.1780269776,949928.1780269776,923595.5752081528,977057.4043223227
2025-02-27 14:30:00+00:00,938363.4381171878,938363.4381171878,920751.2914150391,920751.2914150391,895224.7810460115,985206.9571242987
2025-02-27 15:30:00+00:00,929531.4044257816,929531.4044257816,912084.8583553467,912084.8583553467,886797.7822463553,984134.2476064109
2025-02-27 16:30:00+00:00,935419.426886719,935419.426886719,917862.4803951415,917862.4803951415,892415.7814461259,983189.0052501361
2025-02-27 17:30:00+00:00,939320.2179023441,939320.2179023441,921690.1315792237,921690.1315792237,896137.6831456595,983185.8427292415
2025-02-27 18:30:00+00:00,910873.8336250004,910873.8336250004,893777.1170070802,893777.1170070802,868995.8430513466,978640.8609646884
2025-02-27 19:30:00+00:00,897368.2403632816,897368.2403632816,880524.7536190186,880524.7536190186,856109.6129732287,972826.3027565586
2025-02-27 20:30:00+00:00,883384.2291328129,883384.2291328129,866802.9425991212,866802.9425991212,842766.9050566816,972622.7593978702
2025-02-28 14:30:00+00:00,903403.4381171878,903403.4381171878,886446.7914150391,886446.7914150391,861868.0380432488,978086.4534823045
2025-02-28 15:30:00+00:00,894792.1954414067,894792.1954414067,877997.0095394289,877997.0095394289,853651.7048375722,975156.1143300498
2025-02-28 16:30:00+00:00,899362.7716132816,899362.7716132816,882481.8874080811,882481.8874080811,858012.6755109068,976207.476831899
2025-02-28 17:30:00+00:00,887578.6969062503,887578.6969062503,870918.7641018067,870918.7641018067,846769.0155701805,972020.738406462
2025-02-28 18:30:00+00:00,886769.8223945316,886769.8223945316,870125.0559871827,870125.0559871827,845997.2358445257,973930.2860921819
2025-02-28 19:30:00+00:00,897184.2291328129,897184.2291328129,880344.1925991212,880344.1925991212,855934.040452509,979585.8397775553
2025-02-28 20:30:00+00:00,920478.635871094,920478.635871094,903201.8292110595,903201.8292110595,878160.1714299306,985722.8872691316
2025-03-03 14:30:00+00:00,879704.2291328129,879704.2291328129,863191.9425991212,863191.9425991212,839255.6689511276,986866.2264203321
2025-03-03 15:30:00+00:00,877569.8223945316,877569.8223945316,861097.5559871827,861097.5559871827,837219.1455806409,983276.0624225402
2025-03-03 16:30:00+00:00,871608.2403632816,871608.2403632816,855247.7536190186,855247.7536190186,831530.960234351,984688.5672409922
2025-03-03 17:30:00+00:00,848276.9976875002,848276.9976875002,832353.9717434081,832353.9717434081,809269.6826064583,976947.1553300249
2025-03-03 18:30:00+00:00,854201.7999335942,854201.7999335942,838167.6839473878,838167.6839473878,814922.7748794889,977134.271149622
2025-03-03 19:30:00+00:00,833041.7999335942,833041.7999335942,817404.4339473878,817404.4339473878,794733.1672725535,967020.2657852838
2025-03-03 20:30:00+00:00,839224.2291328129,839224.2291328129,823470.9425991212,823470.9425991212,800632.071790034,971472.2167268541
2025-03-04 14:30:00+00:00,821560.2179023441,821560.2179023441,806138.1315792237,806138.1315792237,783778.1277679326,957170.5066112499
2025-03-04 15:30:00+00:00,823179.426886719,823179.426886719,807726.9803951415,807726.9803951415,785323.0802267301,953596.5944569443
2025-03-04 16:30:00+00:00,853945.6890937503,853945.6890937503,837916.375185791,837916.375185791,814678.4092197379,958073.0549354478
2025-03-04 17:30:00+00:00,855342.5909492192,855342.5909492192,839287.0851314699,839287.0851314699,816011.2494998568,958429.4534707086
2025-03-04 18:30:00+00:00,866897.0587226566,866897.0587226566,850624.9066341553,850624.9066341553,827035.8322244636,963561.9613392362
2025-03-04 19:30:00+00:00,875141.0089179691,875141.0089179691,858714.2827633057,858714.2827633057,834901.7168924445,966759.6213548873
2025-03-04 20:30:00+00:00,853576.2066718753,853576.2066718753,837553.8205593262,837553.8205593262,814325.87117081,956140.7546688472
2025-03-05 14:30:00+00:00,853649.8223945316,853649.8223945316,837626.0559871827,837626.0559871827,814396.1108945401,957706.905294095
2025-03-05 15:30:00+00:00,849527.4542304691,849527.4542304691,833580.9822261963,833580.9822261963,810462.793520072,955650.4760823816
2025-03-05 16:30:00+00:00,858015.0494453127,858015.0494453127,841909.4350307616,841909.4350307616,818561.1497069432,961319.2947859518
2025-03-05 17:30:00+00:00,855857.7887031253,855857.7887031253,839792.6229274903,839792.6229274903,816502.8204115458,961247.3474355997
2025-03-05 18:30:00+00:00,862038.7579414067,862038.7579414067,845857.6989925539,845857.6989925539,822400.3319215382,967510.3686761442
2025-03-05 19:30:00+00:00,866088.2403632816,866088.2403632816,849831.2536190186,849831.2536190186,826264.10607602,968962.4050057787
2025-03-05 20:30:00+00:00,863365.0201484378,863365.0201484378,847159.0937832032,847159.0937832032,823665.7720701142,966874.5262807243
2025-03-06 14:30:00+00:00,845365.3863593753,845365.3863593753,829496.9531276856,829496.9531276856,806491.5970573681,961942.4870977931
2025-03-06 15:30:00+00:00,839592.1954414067,839592.1954414067,823832.0095394289,823832.0095394289,800983.1632542628,964384.8317064507
2025-03-06 16:30:00+00:00,821748.6090156253,821748.6090156253,806322.9903591309,806322.9903591309,783957.8793111171,955691.6767018139
2025-03-06 17:30:00+00:00,821008.2403632816,821008.2403632816,805596.5036190186,805596.5036190186,783251.463782984,956045.1762595882
2025-03-06 18:30:00+00:00,813611.4044257816,813611.4044257816,798338.3583553467,798338.3583553467,776193.8449214054,953896.3311595102
2025-03-06 19:30:00+00:00,817785.9942695316,817785.9942695316,802434.6746395264,802434.6746395264,780176.9891021809,957202.0439723933
2025-03-06 20:30:00+00:00,813979.426886719,813979.426886719,798699.4803951415,798699.4803951415,776544.9899628451,957478.8523984734
2025-03-07 14:30:00+00:00,817365.0201484378,817365.0201484378,802021.5937832032,802021.5937832032,779775.3207506896,957730.0971139888
2025-03-07 15:30:00+00:00,807502.5909492192,807502.5909492192,792344.0851314699,792344.0851314699,770365.1801276553,950337.0017404406
2025-03-07 16:30:00+00:00,802386.588495621,802386.588495621,787324.7973354491,787324.7973354491,765484.5640840235,951705.6705053813
2025-03-07 17:30:00+00:00,813456.842401871,813456.842401871,798186.0082729491,798186.0082729491,776045.70393276,958239.8779126379
2025-03-07 18:30:00+00:00,826273.0537132114,826273.0537132114,810760.2071712647,810760.2071712647,788272.5056968648,963436.4268292811
2025-03-07 19:30:00+00:00,828886.2334235996,828886.2334235996,813324.0414150391,813324.0414150391,790765.506905781,962783.1027211384
2025-03-07 20:30:00+00:00,829806.3584235996,829806.3584235996,814226.7914150391,814226.7914150391,791643.3159321696,962401.7554099312
2025-03-10 13:30:00+00:00,795462.8500465244,795462.8500465244,780531.8019436036,780531.8019436036,758879.2440384101,954498.879237734
2025-03-10 14:30:00+00:00,792472.8369163364,792472.8369163364,777598.2501400147,777598.2501400147,756026.7397431252,954206.6974461941
2025-03-10 15:30:00+00:00,795614.4819740147,795614.4819740147,780680.5705593262,780680.5705593262,759023.902508335,950943.0637307697
2025-03-10 16:30:00+00:00,788070.1758216709,788070.1758216709,773278.7258327637,773278.7258327637,751826.5542802513,947112.1089059751
2025-03-10 17:30:00+00:00,785861.179438004,785861.179438004,771111.4425991212,771111.4425991212,749719.1482595016,942329.7623787217
2025-03-10 18:30:00+00:00,785050.7348655552,785050.7348655552,770316.3018978272,770316.3018978272,748945.9755263586,941618.7222642525
2025-03-10 19:30:00+00:00,787774.9990028233,787774.9990028233,772989.1229274903,772989.1229274903,751544.9524587975,942540.0700182127
2025-03-11 13:30:00+00:00,782548.6957420202,782548.6957420202,767861.5095394289,767861.5095394289,746559.0036181763,932021.9647617866
2025-03-11 14:30:00+00:00,801576.8740028233,801576.8740028233,786530.3729274903,786530.3729274903,764712.0878546248,932010.2810040371
2025-03-11 15:30:00+00:00,801024.8214668125,801024.8214668125,785988.7449672852,785988.7449672852,764185.4238696762,930752.6518616179
2025-03-11 16:30:00+00:00,791749.9457420202,791749.9457420202,776889.0095394289,776889.0095394289,755337.0938820612,926286.9966628377
2025-03-11 17:30:00+00:00,812876.0359596104,812876.0359596104,797616.1693752442,797616.1693752442,775491.6084157368,934232.2154759014
2025-03-11 18:30:00+00:00,815662.9184669345,815662.9184669345,800350.4263332519,800350.4263332519,778150.3239385335,935849.3178266735
2025-03-11 19:30:00+00:00,799699.8392204136,799699.8392204136,784688.7827633057,784688.7827633057,762921.3767285884,931652.0376649211
2025-03-12 13:30:00+00:00,843940.1950248568,843940.1950248568,828093.734484497,828093.734484497,805127.14622271,928872.621037581
2025-03-12 14:30:00+00:00,842908.929438004,842908.929438004,827081.9425991212,827081.9425991212,804143.307895588,926654.2883256243
2025-03-12 15:30:00+00:00,852662.2319740147,852662.2319740147,836651.0705593262,836651.0705593262,813448.0621444214,930879.9433276256
2025-03-12 16:30:00+00:00,854723.3029884188,854723.3029884188,838673.2217434081,838673.2217434081,815414.3457911778,933797.8959397097
2025-03-12 17:30:00+00:00,850601.1609596104,850601.1609596104,834628.9193752442,834628.9193752442,811481.778497665,932137.74816565
2025-03-12 18:30:00+00:00,849828.2312492223,849828.2312492223,833870.5851314699,833870.5851314699,810744.3953415259,931671.8034205124
2025-03-12 19:30:00+00:00,851962.9279884188,851962.9279884188,835964.9717434081,835964.9717434081,812780.9187120124,929836.4871280129
2025-03-13 13:30:00+00:00,858698.2497276157,858698.2497276157,842573.1083553467,842573.1083553467,819206.4872144415,927752.8250974847
2025-03-13 14:30:00+00:00,854465.6971916049,854465.6971916049,838420.4803951415,838420.4803951415,815168.5871239387,922708.3407271901
2025-03-13 15:30:00+00:00,852852.8950828402,852852.8950828402,836838.1333187255,836838.1333187255,813629.9567760491,919158.6745664097
2025-03-13 16:30:00+00:00,848466.4642204136,848466.4642204136,832534.5327633057,832534.5327633057,809445.2551271784,917504.412595126
2025-03-13 17:30:00+00:00,860869.7312492223,860869.7312492223,844703.5851314699,844703.5851314699,821278.1036581878,919111.4124485959
2025-03-13 18:30:00+00:00,853913.588495621,853913.588495621,837878.7973354491,837878.7973354491,814641.869561779,918126.1993421253
2025-03-13 19:30:00+00:00,851742.1069740147,851742.1069740147,835748.3205593262,835748.3205593262,812570.2531180329,917854.7496320056
2025-03-14 13:30:00+00:00,879823.6098655552,879823.6098655552,863299.5518978272,863299.5518978272,839360.3052443732,924283.2761327007
2025-03-14 14:30:00+00:00,890166.5359596104,890166.5359596104,873447.1693752442,873447.1693752442,849227.5666323701,930093.2662550939
2025-03-14 15:30:00+00:00,887111.7142204136,887111.7142204136,870450.0327633057,870450.0327633057,846313.234235495,928763.0748277041
2025-03-14 16:30:00+00:00,887332.535234818,887332.535234818,870666.6839473878,870666.6839473878,846523.8998294745,931128.2012178517
2025-03-14 17:30:00+00:00,885345.0899452061,885345.0899452061,868716.7681911621,868716.7681911621,844627.8559064482,929788.5222277781
2025-03-14 18:30:00+00:00,887626.9819740147,887626.9819740147,870955.5705593262,870955.5705593262,846804.8051471841,931598.4505053181
2025-03-14 19:30:00+00:00,893994.2312492223,893994.2312492223,877202.5851314699,877202.5851314699,852879.2286081734,932664.4835902061
2025-03-17 13:30:00+00:00,879897.9656699985,879897.9656699985,863372.5036190186,863372.5036190186,839431.2414718474,936828.1180435522
2025-03-17 14:30:00+00:00,878131.285234818,878131.285234818,861639.1839473878,861639.1839473878,837745.8095655896,937822.5551692985
2025-03-17 15:30:00+00:00,871286.2830680698,871286.2830680698,854923.4380367432,854923.4380367432,831215.6047699148,937466.0687862351
2025-03-17 16:30:00+00:00,877247.2149375767,877247.2149375767,860771.8078182373,860771.8078182373,836902.3971087165,939918.7794356025
2025-03-17 17:30:00+00:00,887001.3037132114,887001.3037132114,870341.7071712647,870341.7071712647,846207.9014385053,943418.2845010825
2025-03-17 18:30:00+00:00,886003.1725105137,886003.1725105137,869362.4239833985,869362.4239833985,845255.673665922,944203.9952477854
2025-03-17 19:30:00+00:00,879493.1084235996,879493.1084235996,862975.2914150391,862975.2914150391,839045.003357148,941054.0365889611
2025-03-18 13:30:00+00:00,852699.0167564243,852699.0167564243,836687.1607235108,836687.1607235108,813483.155217681,937107.825447119
2025-03-18 14:30:00+00:00,859434.338495621,859441.5719145238,843295.2973354491,844117.2560032656,819908.7237201099,933430.2528857124
2025-03-18 15:30:00+00:00,865948.8392204136,865956.0726393164,849686.7827633057,850514.9364460758,826123.6266285597,934733.4750376955
2025-03-18 16:30:00+00:00,862378.7497276157,862385.9831465186,846184.1083553467,847008.8670338443,822717.7233199954,933700.9998134113
2025-03-18 17:30:00+00:00,858578.292024979,858585.5254438819,842455.4158504639,843276.5604542545,819092.0462915676,934573.5920369129
2025-03-18 18:30:00+00:00,854870.554438004,854877.7878569069,838817.6925991212,839635.3113011174,815554.8252386383,935896.8434878951
2025-03-18 19:30:00+00:00,850785.1971916049,850792.4306105077,834809.4803951415,835623.2140950015,811657.3510183848,935208.907345517
2025-03-19 13:30:00+00:00,861164.1779884188,861121.8941986053,844992.4717434081,845237.3181854994,821559.0089758972,940501.4739104325
2025-03-19 14:30:00+00:00,863041.2689308019,862998.7301361056,846834.1170070802,847079.4734589371,823349.773679145,940557.8721997195
2025-03-19 15:30:00+00:00,868782.8399452061,868739.5211517304,852467.2681911621,852714.1846405776,828827.2934314554,941770.9625062064
2025-03-19 16:30:00+00:00,864613.5796989292,864570.8273040742,848376.7373531495,848622.5210053237,824849.7748578435,938163.0532522837
2025-03-19 17:30:00+00:00,872544.3226264804,872500.4928314178,856157.7216518554,856405.6601044447,832415.7878753913,939439.3061288601
2025-03-19 18:30:00+00:00,870439.0537132114,870395.5099212617,854092.2071712647,854339.5736176284,830407.3389635124,944189.2368169437
2025-03-19 19:30:00+00:00,865065.4990028233,865022.6852142304,848820.1229274903,849066.0293671401,825280.9106754308,943703.1749250044
2025-03-20 13:30:00+00:00,875223.7149452061,875179.5211517304,858786.5181911621,859035.1846405776,834971.9566161748,948354.3646829345
2025-03-20 14:30:00+00:00,880670.8392204136,881309.2213076026,864130.7827633057,865300.0605500028,840168.5710507756,948153.9838451404
2025-03-20 15:30:00+00:00,870733.5004524082,871365.1325472266,854381.0937832032,855536.8715851591,830688.244281222,945102.063334049
2025-03-20 16:30:00+00:00,867781.7322639317,868778.6737120044,851485.0647304688,853206.5007443598,827872.2260666847,942090.9920511794
2025-03-20 17:30:00+00:00,869181.0703147739,870179.532575835,852857.9786556397,854582.2661938837,829207.2094352469,941603.1732031874
2025-03-20 18:30:00+00:00,868930.035234818,869928.2246687306,852611.6839473878,854335.4599347286,828967.7193017047,942117.5220875731
2025-03-20 19:30:00+00:00,872058.4826988071,872731.3523123377,855681.0559871827,857147.743987765,831952.2914223099,943366.1029063216
2025-03-21 13:30:00+00:00,857332.0460609287,858714.1081102552,841232.7031276856,842826.8306239577,817903.1144004185,934975.6714295403
2025-03-21 14:30:00+00:00,856011.5004524082,857391.5891283216,839937.0937832032,841528.7097133131,816643.2998590062,937585.7174934141
2025-03-21 15:30:00+00:00,863814.1424812168,865205.8911302747,847592.3961513672,849198.8520472975,824087.1032580731,941831.4017944144
2025-03-21 16:30:00+00:00,861716.2866844027,863104.9003771008,845534.1548031005,847136.6207545728,822085.726538057,941745.0474044312
2025-03-21 17:30:00+00:00,862644.4987205358,864034.4994981948,846444.8391292726,848049.0704616043,822971.2506828416,941256.6136218208
2025-03-21 18:30:00+00:00,859655.2156699985,861040.7493761244,843512.0036190186,845110.5495875807,820119.4428913007,941136.9649146418
2025-03-21 19:30:00+00:00,865912.054438004,867306.9381273452,849650.6925991212,851261.1385463211,826088.5335553002,944236.4110869549
2025-03-24 13:30:00+00:00,886854.1084235996,888280.2871263685,870197.2914150391,871847.5673793288,846067.475568256,955943.975590961
2025-03-24 14:30:00+00:00,898337.2504524082,899780.5891283216,881463.5937832032,883135.7097133131,857022.5150728768,956798.559014924
2025-03-24 15:30:00+00:00,896202.5537132114,897642.702379054,879369.2071712647,881037.2630885573,854985.9917023901,955836.7134239525
2025-03-24 16:30:00+00:00,896046.4851478428,897486.400590724,879216.085696045,880883.8447841139,854837.1006327897,954729.1283284215
2025-03-24 17:30:00+00:00,896681.0366844027,898121.9003771008,879838.6548031005,881507.6207545728,855442.4695408196,953261.4550899193
2025-03-24 18:30:00+00:00,896533.785234818,897974.428880519,879694.1839473878,881362.8698390457,855301.9900933595,957011.3263928884
2025-03-24 19:30:00+00:00,892374.8584235996,893809.2871263685,875613.7914150391,877274.5673793288,851334.3297265869,957319.8478757171
2025-03-25 13:30:00+00:00,883173.6084235996,885498.6386978276,866586.2914150391,868712.4502563311,842556.239462702,958544.8854833614
2025-03-25 14:30:00+00:00,885246.4168723911,887993.2075726285,868619.9583919678,871266.8659355338,844533.7207465748,959443.9198954541
2025-03-25 15:30:00+00:00,888180.5508293004,890936.1108471648,871498.6862056886,874154.3630668815,847332.915716832,956771.8532829251
2025-03-25 16:30:00+00:00,885050.6432060093,887796.8487927213,868427.8815792237,871074.2040092642,844346.9505887385,956736.5384662687
2025-03-25 17:30:00+00:00,888584.6779960484,891341.4458386197,871895.182116333,874552.066802233,847718.4573277873,956185.2935047795
2025-03-25 18:30:00+00:00,888436.6964668125,891193.0220333829,871749.9949672852,874406.4373771842,847577.2813765828,955781.1936126916
2025-03-25 19:30:00+00:00,888068.6240028233,890823.849502255,871388.8729274903,874044.2152702506,847226.136335143,957856.9493409833
2025-03-26 13:30:00+00:00,847362.3029884188,849995.868514706,831451.2217434081,833984.9041130239,808391.8735800699,960979.7630287955
2025-03-26 14:30:00+00:00,847730.3754524082,851281.0737287265,831812.3437832032,835173.4067272327,808743.0186215098,958217.652418573
2025-03-26 15:30:00+00:00,839412.4656699985,843788.270389254,823651.5036190186,827976.4559811052,800807.6443107538,957457.241839027
2025-03-26 16:30:00+00:00,835179.8569740147,839533.8115193199,819498.8205593262,823801.9227474626,796769.6906430401,954044.7939459512
2025-03-26 17:30:00+00:00,836541.6240028233,840902.608455355,820834.8729274903,825145.0050228533,798068.8308573875,955159.1433222844
2025-03-26 18:30:00+00:00,833744.4642204136,838091.0087773155,818090.5327633057,822386.2249630388,795400.3107049625,952827.9261839512
2025-03-26 19:30:00+00:00,836946.4812492223,841309.5557133508,821232.0851314699,825544.3072384296,798455.068972087,954699.8750101464
2025-03-27 13:30:00+00:00,830432.0366844027,834761.4813572714,814840.6548031005,819119.2471188004,792240.2196408482,955287.3132663183
2025-03-27 14:30:00+00:00,835842.3761772006,840591.1220698471,820148.8292110595,825200.6713969287,797401.7410021895,953770.0060193315
2025-03-27 15:30:00+00:00,828150.088495621,832855.9891505355,812601.7973354491,817606.6142603931,790063.2168229013,953034.1049767185
2025-03-27 16:30:00+00:00,822161.1889594884,826833.7320704577,806725.9880092775,811694.1929957449,784349.7430329802,950435.3034315811
2025-03-27 17:30:00+00:00,825500.1240028233,830191.2646327134,810001.8729274903,814990.4898249684,787535.1225407256,951880.4876326107
2025-03-27 18:30:00+00:00,829364.660234818,834926.6241061253,813793.4339473878,819101.694604832,791221.9311669996,954772.5251429195
2025-03-27 19:30:00+00:00,820237.0359596104,825738.239935593,804838.1693752442,810088.1501330911,782514.0806268448,951105.6700134337
2025-03-28 13:30:00+00:00,804402.0576118322,809797.8528201146,789302.20773584,794451.0821246684,767407.3430353806,940989.4684540298
2025-03-28 14:30:00+00:00,807171.2497276157,812585.4786288303,792019.1083553467,797185.6640414774,770049.181736686,939665.9534596398
2025-03-28 15:30:00+00:00,806655.9819740147,812066.7808901828,791513.5705593262,796676.8362598001,769557.6108249968,936707.5030105442
2025-03-28 16:30:00+00:00,805846.2674812168,811251.6763674777,790719.1461513672,795877.2418231546,768785.1345955981,934131.1905028796
2025-03-28 17:30:00+00:00,809821.2142204136,815253.0831515354,794619.0327633057,799802.5084781229,772577.2760188617,935079.0682932332
2025-03-28 18:30:00+00:00,809048.3406699985,814475.0648104709,793860.7536190186,799039.2945346414,771839.9464399336,934925.2467908319
2025-03-28 19:30:00+00:00,807060.8392204136,812474.3331515354,791910.7827633057,797076.6334781229,769943.8489396962,935068.9657959309
2025-03-31 13:30:00+00:00,764735.0892204136,769866.8331515354,750384.2827633057,755279.8834781229,729564.6337258257,931270.3389625035
2025-03-31 14:30:00+00:00,774301.4352058262,779879.0813758889,759769.9845302735,765668.7289948675,738691.029438963,936357.1659736646
2025-03-31 15:30:00+00:00,780119.6084235996,785739.1460731545,765478.2914150391,771421.2985749457,744241.628507191,938387.5043879978
2025-03-31 16:30:00+00:00,778205.7326988071,783811.4902351418,763600.5559871827,769529.0030274603,742415.7707306838,937106.6834256848
2025-03-31 17:30:00+00:00,791677.1062568516,797427.4757347687,776817.5455043946,784256.2975401387,755267.604239286,941668.3562727373
2025-03-31 18:30:00+00:00,789394.4279884188,795128.3619347197,774577.9717434081,781995.0164732441,753089.9049175949,943261.5640211946
2025-03-31 19:30:00+00:00,800656.7490028233,806936.6238741451,785627.6229274903,793160.336027608,763834.2788282364,944503.1170157329
2025-04-01 13:30:00+00:00,788584.713495621,794293.3708240069,773783.5473354491,781146.0862094713,752317.4286881961,935775.789215874
2025-04-01 14:30:00+00:00,801693.9113868563,807304.1817036802,786645.2002590331,793757.9424513993,764823.7427625223,945596.9978540539
2025-04-01 15:30:00+00:00,805294.2149452061,810929.429628485,790177.5181911621,797322.5413283525,768258.4706106494,944721.5066530656
2025-04-01 16:30:00+00:00,800886.4432929844,806997.1430073766,785852.9798305664,793095.7457933138,764053.409621567,942093.1882462451
2025-04-01 17:30:00+00:00,792927.0026191563,798977.1495991735,778043.8396938477,785214.1586351107,756460.0186491556,938621.6187820007
2025-04-01 18:30:00+00:00,799488.5654014439,805588.6305333165,784481.4984920655,791711.5409364413,762719.819260493,941329.7029936071
2025-04-01 19:30:00+00:00,810814.9649452061,817001.1974965123,795594.0181911621,802927.1537980746,773525.3247689804,944281.2134662952
2025-04-02 13:30:00+00:00,802339.4702781527,808461.2241307285,787278.5688656005,794534.5603151033,765439.6128039246,944685.4890539881
2025-04-02 14:30:00+00:00,811551.0537132114,817742.8861790685,796316.2071712647,803656.0426759432,774227.561274649,947945.9602485179
2025-04-02 15:30:00+00:00,818193.5991767735,824604.4836421253,802833.3194301758,810630.1260692471,780564.6202243685,947804.0860472741
2025-04-02 16:30:00+00:00,818801.6432060093,825217.2360682727,803429.8815792237,811232.4704601163,781144.7006887671,951222.419743126
2025-04-02 17:30:00+00:00,804742.1062492223,811048.8289027455,789635.8351314699,797304.7237560148,767731.7530484898,943987.0111752948
2025-04-02 18:30:00+00:00,807134.4649452061,813459.7128596546,791983.0181911621,799674.6571361417,770014.0886634265,947513.4855161814
2025-04-02 19:30:00+00:00,812507.963495621,818874.8211665392,797255.0473354491,804997.7859813564,775140.4633742969,949363.4723917197
2025-04-03 13:30:00+00:00,774009.9649452061,780078.7128596546,759484.0181911621,766860.6571361417,738412.9637134408,916150.5022610268
2025-04-03 14:30:00+00:00,757962.2526191563,764574.7519825702,743739.3396938477,751902.1332647217,723103.275646393,917404.5296435383
2025-04-03 15:30:00+00:00,763049.4476264804,769706.1774586443,748730.4716518554,756948.5533086669,727956.5137351608,924552.1782565444
2025-04-03 16:30:00+00:00,758330.9990028233,764808.8176789307,744101.1229274903,752173.2172598799,723455.0636143658,919332.2618244021
2025-04-03 17:30:00+00:00,755423.4287132114,761876.7575974488,741248.4571712647,749289.3467688521,720681.210664951,917381.6013670524
2025-04-03 18:30:00+00:00,755743.6528800817,763021.6493378915,741562.6344478761,749824.8384425499,720986.707922548,914093.7216581027
2025-04-03 19:30:00+00:00,750896.429438004,757580.1068477596,736806.9425991212,744796.7557466323,716362.4052567389,911841.8310855423
2025-04-04 13:30:00+00:00,696394.0740608067,702596.4781246149,683333.7717617188,690738.6526887709,664366.579135791,881109.6829010578
2025-04-04 14:30:00+00:00,700031.8924812168,706752.8964892601,686902.8961513672,694543.1895514204,667837.0965609216,880466.7248336251
2025-04-04 15:30:00+00:00,690682.7171119541,697889.8936898885,677730.2641018067,685516.0556025978,658917.8839230434,875635.1835369001
2025-04-04 16:30:00+00:00,692671.6225608677,699899.3339593587,679681.6124447022,687489.8301311012,660815.3208535578,872308.8264903994
2025-04-04 17:30:00+00:00,692008.429438004,699229.2935769736,679030.9425991212,686831.6823573586,660182.6275678754,867991.1948390469
2025-04-04 18:30:00+00:00,700510.3754524082,707819.0194986043,687372.3437832032,695268.9484401222,668293.5743993513,869703.2606644597
2025-04-04 19:30:00+00:00,694290.3214668125,701534.7454202352,681269.7449672852,689096.2145228859,662359.5768086113,861693.825107675
2025-04-07 13:30:00+00:00,689064.0182060093,696254.4822290121,676142.1315792237,683909.6712108131,657373.62796799,845745.232236208
2025-04-07 14:30:00+00:00,691051.463495621,697800.1191913196,678092.0473354491,685349.4142420314,659269.6718910161,837191.4916943418
2025-04-07 15:30:00+00:00,705699.8939308019,713360.8254557386,692463.8670070802,700109.1552218439,673244.4301667131,846971.5875608918
2025-04-07 16:30:00+00:00,723093.1992133947,730940.799820973,709528.729220215,717363.0494174005,689837.8282113164,855320.6427226353
2025-04-07 17:30:00+00:00,717035.8406699985,724818.4322672619,703585.7536190186,711354.2419070244,684059.0438010845,854299.1484736796
2025-04-07 18:30:00+00:00,711441.4649452061,719164.0163737072,698097.0181911621,705804.7063082695,678721.9499190234,847955.4829503228
2025-04-07 19:30:00+00:00,719244.1069740147,727050.3982096447,705752.3205593262,713544.8084811211,686165.7533180902,853421.1975342176
2025-04-08 13:30:00+00:00,770918.3584235996,779279.2299967541,756450.7914150391,764804.8796786309,735463.5382433061,885035.6012004929
2025-04-08 14:30:00+00:00,751264.4457420202,759414.3868571058,737168.0095394289,745308.4973391534,716713.4967209676,870690.3185747854
2025-04-08 15:30:00+00:00,747767.9819740147,755880.3982096447,733737.5705593262,741840.0584811211,713377.8331361335,871750.6415525026
2025-04-08 16:30:00+00:00,727120.3747276157,735011.1959391369,713479.8583553467,721357.9462527275,693679.7964408873,854706.6744300697
2025-04-08 17:30:00+00:00,731904.3058799595,739846.4693766369,718173.4530819092,726103.53316679,698243.7175898056,853713.5550213628
2025-04-08 18:30:00+00:00,709012.3214668125,717475.1732905394,695713.7449672852,703973.3334466484,676404.5212308271,848183.0087591286
2025-04-08 19:30:00+00:00,711883.1069740147,720379.888744641,698530.3205593262,706823.4489861992,679143.2811069823,847008.6593336005
2025-04-09 13:30:00+00:00,735949.1717857212,745510.1130950305,722141.938555542,731336.2527569047,702102.5626408679,848270.3294749408
2025-04-09 14:30:00+00:00,729982.3431190342,740034.1315835456,716287.7833278809,726182.4862940225,696410.1446949024,848453.8435346301
2025-04-09 15:30:00+00:00,731978.6616844027,742387.2477373187,718246.4048031005,728786.0310957576,698314.6538172797,849730.2721068118
2025-04-09 16:30:00+00:00,783726.4826988071,794866.18862477,769017.0559871827,780301.8621504452,747682.6248890148,888306.174892325
2025-04-09 17:30:00+00:00,824653.6247276157,836371.5703996724,809171.3583553467,821045.5242598202,786727.5532380673,907963.1749039209
2025-04-09 18:30:00+00:00,830248.0004524082,842657.5397894483,814660.0937832032,827426.594565274,792064.6471201285,908748.9734984263
2025-04-09 19:30:00+00:00,840995.0537132114,853596.1794954352,825204.2071712647,839155.2533805615,802317.4501190807,912560.6018066428
2025-04-10 13:30:00+00:00,802938.6971916049,814971.1231752447,787866.4803951415,801186.786827827,766011.2816461832,891668.1102988898
2025-04-10 14:30:00+00:00,794215.8740028233,806117.9494157843,779308.3729274903,792484.1087272412,757689.6156435169,885998.5888128986
2025-04-10 15:30:00+00:00,765912.8761772006,777392.0022951177,751539.8292110595,764246.4757926707,730688.2549966641,867280.9453548015
2025-04-10 16:30:00+00:00,783726.4826988071,795260.5997463651,769017.0559871827,781387.8423212072,747682.6248890148,878841.7161806164
2025-04-10 17:30:00+00:00,798257.0895103306,810335.4466998876,783273.2769344483,795915.5514164169,761544.9781758589,893815.8133775337
2025-04-10 18:30:00+00:00,783505.6616844027,795114.538747449,768800.4048031005,780944.3471195451,747471.9592950352,885678.3835723203
2025-04-10 19:30:00+00:00,792780.4812492223,804526.6977135137,777900.0851314699,790187.6668216938,756320.2357054395,890387.2893365769
2025-04-11 13:30:00+00:00,792780.4812492223,804526.6977135137,777900.0851314699,790187.6668216938,756320.2357054395,883589.5385214372
2025-04-11 14:30:00+00:00,799699.8392204136,811548.5159508183,784688.7827633057,797083.5247318499,762921.3767285884,885864.9723051017
2025-04-11 15:30:00+00:00,805588.6616844027,817524.538747449,790466.4048031005,802952.3471195451,768539.375928359,893766.9699992726
2025-04-11 16:30:00+00:00,807796.9279884188,819765.5045525028,792632.9717434081,805153.1135380021,770646.0854453647,897356.8704536567
2025-04-11 17:30:00+00:00,812287.1424812168,824322.209111829,797038.3961513672,809628.0780155413,774929.7977803176,903163.3466639447
2025-04-11 18:30:00+00:00,810520.5182060093,822529.4250694707,795305.1315792237,807867.453686928,773244.4194512707,905454.7687476873
2025-04-11 19:30:00+00:00,814789.9116844027,826931.5233387495,799493.9048031005,813030.9790305193,777317.466192244,904099.8042399567
2025-04-14 13:30:00+00:00,828606.5005973667,840952.7051319625,813049.5908687745,826817.5359610614,790498.6388173752,913645.2586256879
2025-04-14 14:30:00+00:00,819526.7246192782,832425.2474386129,804141.2710598144,817872.3497657797,781836.4360610633,909446.1336600803
2025-04-14 15:30:00+00:00,809931.6247276157,822680.2444784079,794727.3583553467,808296.8024482749,772682.6088158515,906100.8893360147
2025-04-14 16:30:00+00:00,812949.6616844027,826611.5940851043,797688.4048031005,811456.8720638341,775561.848139467,909237.4072810367
2025-04-14 17:30:00+00:00,818543.9812492223,833011.482178376,803177.0851314699,817530.7170649775,780898.8884443172,913417.4692734741
2025-04-14 18:30:00+00:00,819648.1424812168,834245.9277621066,804260.3961513672,819529.5441799868,781952.2699914254,914852.0238903856
2025-04-14 19:30:00+00:00,814863.4812492223,829481.0077246203,799566.0851314699,815683.4794676923,777387.6523387632,911432.5481730995
2025-04-15 13:30:00+00:00,817182.2142204136,831894.69634105,801841.0327633057,818418.3522431451,779599.7482299696,912219.4887890391
2025-04-15 14:30:00+00:00,824653.6247276157,840038.3599193656,809171.3583553467,826043.8224119347,786727.5532380673,912402.7393053207
2025-04-15 15:30:00+00:00,833744.4642204136,849071.5741213728,818090.5327633057,834866.2645271487,795400.3107049625,913657.3816224504
2025-04-15 16:30:00+00:00,823255.8029960484,838170.7960476464,807799.932116333,823753.1558901815,785394.0164542045,909634.5671967169
2025-04-15 17:30:00+00:00,825316.1439308019,840638.4352207426,809821.3670070802,826272.4544140226,787359.6035972169,908466.8942041885
2025-04-15 18:30:00+00:00,825979.3370536655,841986.7208539852,810472.0368526612,827477.6457487687,787992.2968828992,909158.6956498823
2025-04-15 19:30:00+00:00,825168.8924812168,840715.409992525,809676.8961513672,826423.9277137065,787219.1241497564,907964.3169253551
2025-04-16 13:30:00+00:00,776733.4990028233,792029.5165662873,762156.1229274903,778107.4206738849,741011.2441421356,903380.1550408299
2025-04-16 14:30:00+00:00,774194.7312568516,789441.0840253937,759665.2955043946,775564.1693005939,738589.2327379048,908573.5414365786
2025-04-16 15:30:00+00:00,764919.1254524082,780889.2119839867,750564.8437832032,766298.8710302308,729740.2062465455,903211.9264987977
2025-04-16 16:30:00+00:00,765066.3207420202,781686.0191922687,750709.2595394289,766713.0469516765,729880.6321167949,902746.8602316863
2025-04-16 17:30:00+00:00,752184.5707420202,767966.2635573947,738070.7595394289,753283.2868697309,717591.3057473561,894959.5917677473
2025-04-16 18:30:00+00:00,743498.588495621,759098.5612639985,729548.7973354491,744585.50462028,709304.7863951601,886498.9698966665
2025-04-16 19:30:00+00:00,769225.3037132114,785791.1450366236,754789.7071712647,771069.9566376078,733848.3460607784,892197.4811575249
2025-04-17 13:30:00+00:00,739744.5189308019,755356.028960193,725865.6170070802,741123.7850652573,705723.3641430873,878115.9176353058
2025-04-17 14:30:00+00:00,739031.9611915438,754415.3316407009,725166.5147121581,739968.9492184219,705043.5764888624,880412.5227394038
2025-04-17 15:30:00+00:00,745191.6432060093,760913.761499891,731209.8815792237,746446.2430144593,710919.9785776879,884469.0707213464
2025-04-17 16:30:00+00:00,742219.2643073887,758160.7505562993,728293.6310146485,743832.2499894411,708084.2975266831,882179.2298980509
2025-04-17 17:30:00+00:00,751973.3530830235,768224.0737610302,737863.5303676758,753611.9522335837,717389.8018564718,885372.9367625836
2025-04-17 18:30:00+00:00,745044.3917564243,761094.4551757985,731065.4107235108,746639.5614015931,710779.4991302275,881705.2031550714
2025-04-17 19:30:00+00:00,746479.8406699985,763091.2636090283,732473.7536190186,748778.327691133,712148.9326455162,880455.7438582967
2025-04-21 13:30:00+00:00,705442.2319740147,721841.082348096,692211.0705593262,708198.4462909687,672998.6179222629,863731.981976442
2025-04-21 14:30:00+00:00,705847.0892204136,722362.1270066171,692608.2827633057,709267.3002052571,673384.8560369622,858006.237896769
2025-04-21 15:30:00+00:00,705184.6261772006,721888.6672601714,691958.3292110595,709184.3544469494,672752.8592550238,856442.8105534025
2025-04-21 16:30:00+00:00,702009.0604957432,718957.2540371552,688842.728701416,706641.9974885533,669723.3358543197,853987.0252309431
2025-04-21 17:30:00+00:00,703638.7667564243,720213.1120668182,690441.6607235108,707945.6649960382,671278.0929427454,853332.3834057609
2025-04-21 18:30:00+00:00,703712.3924812168,720060.1613939976,690513.8961513672,707982.9136990996,671348.3326664757,853756.951835861
2025-04-21 19:30:00+00:00,712545.6261772006,729107.3518550153,699180.3292110595,717459.8990080698,679775.3314661317,858220.1472961676
2025-04-22 13:30:00+00:00,728886.9990028233,745767.8471761101,715213.1229274903,733453.3203899484,695365.174769934,873699.1058147866
2025-04-22 14:30:00+00:00,727966.8740028233,745259.8482107165,714310.3729274903,732637.0686627519,694487.3657435456,876333.4857199882
2025-04-22 15:30:00+00:00,733524.4649452061,751728.4954286979,719763.0181911621,738437.8588326437,699789.3665523472,882355.1011989117
2025-04-22 16:30:00+00:00,722151.7334235996,740681.5116222608,708605.0414150391,727266.6161891767,688939.6598447161,873115.9721009434
2025-04-22 17:30:00+00:00,724948.8932060093,744333.9375532356,711349.3815792237,730211.8544590658,691608.1799971411,878204.1168291441
2025-04-22 18:30:00+00:00,719207.3221916049,739177.5503751293,705716.2303951415,724821.9689795129,686130.6602448305,878261.4814442601
2025-04-22 19:30:00+00:00,727856.463495621,748423.6036157962,714202.0473354491,733958.7827550306,694382.0329465558,881187.6917497911
2025-04-23 13:30:00+00:00,766906.5707420202,788589.8125911311,752514.7595394289,774384.7601853998,731636.250169572,905093.8021266899
2025-04-23 14:30:00+00:00,759192.2683509678,780778.469373407,744946.128664795,767324.7097401049,724276.723723539,896759.5932435903
2025-04-23 15:30:00+00:00,760833.7682060093,782278.1073012544,746556.6315792237,768451.6501204674,725842.7320262922,892463.7478472895
2025-04-23 16:30:00+00:00,765250.3569740147,787267.4864463204,750889.8205593262,773576.1654944228,730056.2046375148,894967.4102221812
2025-04-23 17:30:00+00:00,763446.8917564243,786151.2433182229,749120.4107235108,771841.4108188611,728335.6796579973,891277.011881591
2025-04-23 18:30:00+00:00,753914.410234818,777181.438437448,739767.9339473878,763075.848642804,719241.5910031433,889069.660144963
2025-04-23 19:30:00+00:00,754760.9656699985,778220.5436884896,740598.5036190186,764354.4504663078,720049.2138830126,890284.3317118972
2025-04-24 13:30:00+00:00,775619.7905753942,799217.3897525901,761063.4449947511,785117.4164642681,739948.7544691431,895475.2583691723
2025-04-24 14:30:00+00:00,775445.3576988071,799947.1597636465,760892.3059871827,785077.94274261,739782.3436515183,895663.5162102036
2025-04-24 15:30:00+00:00,778418.4666770786,802637.6849413804,763809.2728450928,787804.9490931937,742618.7212062674,898949.5511152982
2025-04-24 16:30:00+00:00,782438.285234818,806814.2717465677,767753.1839473878,792608.3518859171,746453.6708211866,899276.5206366788
2025-04-24 17:30:00+00:00,782730.541735062,807432.5413419117,768039.9216793213,793559.590500802,746732.4866276638,899640.6497785709
2025-04-24 18:30:00+00:00,778242.5174812168,802605.582673407,763636.6461513672,788473.2806846953,742450.8638039434,899671.04511828
2025-04-24 19:30:00+00:00,783063.963495621,808003.9488093567,768367.0473354491,794099.1550669469,747050.5745298652,901559.6850269745
2025-04-25 13:30:00+00:00,791610.1074088902,817256.8129703079,776751.8118160401,803481.9647695605,755203.6866264638,894428.6396486651
2025-04-25 14:30:00+00:00,799847.0906699985,825440.5775041279,784833.2536190186,811580.0978047398,763061.8561760488,896411.0131627634
2025-04-25 15:30:00+00:00,805846.2674812168,832167.5169509163,790719.1461513672,818637.5501790823,768785.1345955981,899755.8182478158
2025-04-25 16:30:00+00:00,823475.8939308019,850813.5684850845,808015.8670070802,837400.1606511744,785603.9855444399,902495.8790595788
2025-04-25 17:30:00+00:00,815857.2319740147,843318.7033897004,800541.0705593262,830127.2815826954,778335.7010888818,900822.6419629275
2025-04-25 18:30:00+00:00,815121.1432060093,843330.7123595669,799818.8815792237,830132.6781274073,777633.4645832132,901234.9117006597
2025-04-25 19:30:00+00:00,816777.3569740147,845798.0199899714,801443.8205593262,832387.8599766949,779213.5101152703,901808.1186128058
2025-04-28 13:30:00+00:00,798854.8001045078,827775.4144478629,783859.7007778321,814801.3182614099,762115.2004334182,906022.1777048601
2025-04-28 14:30:00+00:00,784683.3924812168,813567.2023135589,769955.8961513672,801254.3118672189,748595.5269886628,901232.6276577914
2025-04-28 15:30:00+00:00,784322.0030540318,812577.6519253621,769601.3309505616,800593.4397623017,748250.757635342,898610.4585971549
2025-04-28 16:30:00+00:00,782327.8747276157,810695.5252820629,767644.8583553467,799244.0198086863,746348.3380241967,897201.028451795
2025-04-28 17:30:00+00:00,789836.1261772006,819365.0927178764,775011.3292110595,807081.2265572312,753511.2896827649,901602.8182980648
2025-04-28 18:30:00+00:00,796387.4116844027,826363.1181878904,781438.9048031005,814481.5233071299,759761.2856644741,904362.0299308005
2025-04-28 19:30:00+00:00,799699.8392204136,829871.11074243,784688.7827633057,818114.4483014026,762921.3767285884,904683.6407362208
2025-04-29 13:30:00+00:00,798890.1247276157,828559.0282172326,783894.3583553467,816955.2822431851,762148.9004991896,904937.6965814204
2025-04-29 14:30:00+00:00,800949.7355827183,831064.6962216118,785915.0769527588,819511.8579316065,764113.7911384578,910326.5443380158
2025-04-29 15:30:00+00:00,801429.6787132114,832320.667481728,786385.9571712647,820590.0089456574,764571.6619843756,911022.8260216436
2025-04-29 16:30:00+00:00,800399.1432060093,831970.2773620799,785374.8815792237,820504.814186676,763588.5201609974,910032.6055904233
2025-04-29 17:30:00+00:00,809564.3385032505,841261.5533311105,794367.0077083741,829298.0189147184,772332.2138553668,912465.462636397
2025-04-29 18:30:00+00:00,805294.2149452061,837036.7216074304,790177.5181911621,825353.7088825357,768258.4706106494,912728.127566254
2025-04-29 19:30:00+00:00,801760.910234818,833519.4159165509,786710.9339473878,822091.6716895005,764887.6603753449,911253.777894752
2025-04-30 13:30:00+00:00,780156.3932060093,810688.406784174,765514.3815792237,799518.7477342,744276.7215804505,900974.9700526841
2025-04-30 14:30:00+00:00,783027.1787132114,813753.7461559494,768330.9571712647,803127.2103895157,747015.4814566057,905327.2137382719
2025-04-30 15:30:00+00:00,780671.6609596104,810759.9734280165,766019.9193752442,800099.6522296676,744768.2924921396,904771.0492998355
2025-04-30 16:30:00+00:00,783726.4826988071,813932.2404263075,769017.0559871827,803230.4191364059,747682.6248890148,907610.2902807652
2025-04-30 17:30:00+00:00,789063.1964668125,820158.4183190747,774252.9949672852,808886.9955004418,752773.9065266259,908022.9992575104
2025-04-30 18:30:00+00:00,789504.838495621,820617.4596398753,774686.2973354491,809339.6770800315,753195.2377145847,906478.8984307221
2025-04-30 19:30:00+00:00,800693.5899452061,832332.2932142456,785663.7681911621,821727.3292861633,763869.425478707,913230.9683884953
2025-05-01 13:30:00+00:00,834222.9471916049,866591.8301841507,818559.9803951415,855881.1025828092,795856.788543392,921887.2273160282
2025-05-01 14:30:00+00:00,841547.1062492223,874840.5784960187,825745.8351314699,863512.546165083,802844.1141040295,923508.2828179186
2025-05-01 15:30:00+00:00,836591.7186988682,869919.0328269157,820884.021670166,858569.7156119643,798116.6217296738,918490.7677230306
2025-05-01 16:30:00+00:00,835951.270365128,869505.9490643075,820255.6671169434,858307.8986755896,797505.6272144801,920178.3240115101
2025-05-01 17:30:00+00:00,836725.660234818,870796.1471321807,821015.4339473878,859991.4284572505,798244.4033781076,920359.5540283313
2025-05-01 18:30:00+00:00,831793.8037132114,866414.1259034261,816176.7071712647,855619.2210827883,793539.3598551957,920891.9117122556
2025-05-01 19:30:00+00:00,820973.1247276157,855527.0106714674,805560.3583553467,845343.1675761737,783216.3171325134,916270.1509682058
2025-05-02 13:30:00+00:00,838455.4997276157,873743.2606714674,822712.6083553467,863343.2925761737,799894.6886338947,927768.8133975631
2025-05-02 14:30:00+00:00,843940.1950248568,880290.5223484627,828093.734484497,869509.3375294671,805127.14622271,924052.3242595923
2025-05-02 15:30:00+00:00,844638.7689308019,881082.6222120456,828779.1170070802,870255.8384294381,805793.5931513752,929739.5031539119
2025-05-02 16:30:00+00:00,841837.9025901646,878792.5857592027,826031.1402767334,867636.7683145059,803121.5369030186,928853.9094556211
2025-05-02 17:30:00+00:00,845043.6261772006,882281.0721002062,829176.3292110595,871550.9938146148,806179.8312660743,929434.8469743987
2025-05-02 18:30:00+00:00,842614.4826988071,880131.1114500766,826793.0559871827,869979.4825370645,803862.4025778782,930020.4404267154
2025-05-02 19:30:00+00:00,842025.5892204136,879002.3828683916,826215.2827633057,869326.8235345567,803300.5919424589,929029.077974061
2025-05-05 13:30:00+00:00,833597.2689308019,870468.3579147812,817946.1170070802,861313.4012776039,795259.8848347133,928189.7800677553
2025-05-05 14:30:00+00:00,838565.180155167,876263.8199143744,822820.2176540528,867216.3172518755,799999.3249271404,929783.8662942388
2025-05-05 15:30:00+00:00,837572.2156699985,876176.9918959645,821846.0036190186,866710.6654421488,799052.0262579768,931539.1532385444
2025-05-05 16:30:00+00:00,840111.713495621,879126.0782457162,824337.5473354491,869431.1145579013,801474.7341659516,929888.2294837605
2025-05-05 17:30:00+00:00,841885.7508872837,881854.8679218232,826078.085039917,872194.3203972591,803167.1846868616,931565.8589705433
2025-05-05 18:30:00+00:00,841907.8217567295,882367.5085536808,826099.7391384278,872226.7045982011,803188.2405308173,928759.2095243885
2025-05-05 19:30:00+00:00,837756.1957420202,878790.2556905939,822026.5095394289,868020.805472978,799227.5452014857,927163.4541896549
2025-05-06 13:30:00+00:00,829254.2497276157,869496.729297825,813685.1083553467,858584.5442790923,791116.5983700098,923108.8388593701
2025-05-06 14:30:00+00:00,832309.0714668125,872929.3495286045,816682.2449672852,862115.3605327139,794030.9307668849,923674.4908604904
2025-05-06 15:30:00+00:00,831925.5550102086,872787.3653832288,816305.9705684816,862344.2961850951,793665.0519923973,922046.4953821924
2025-05-06 16:30:00+00:00,831204.910234818,872598.6983314172,815598.9339473878,861756.6768664981,792977.5492197765,919935.8640762575
2025-05-06 17:30:00+00:00,836799.2859596104,879067.3225685497,821087.6693752442,868137.0261322494,798314.6431018376,920249.6564272438
2025-05-06 18:30:00+00:00,840847.8584235996,884165.4786295269,825059.7914150391,873028.3615911247,802177.0242488314,920261.7794240066
2025-05-06 19:30:00+00:00,835069.4464668125,878315.0256392177,819390.4949672852,867767.1524065699,796664.3578460504,918043.1831686421
2025-05-07 13:30:00+00:00,835329.2986625524,878802.713324809,819645.4402950441,868274.1627305094,796912.2596017328,923436.0719241586
2025-05-07 14:30:00+00:00,833965.285234818,877469.0971152759,818307.1839473878,867182.9398335512,795610.9762989421,922783.88983745
2025-05-07 15:30:00+00:00,836798.5558799595,881465.9117181115,821086.9530819092,870336.7448961493,798313.9465980935,923150.7422612235
2025-05-07 16:30:00+00:00,838749.9464668125,882886.6339849734,823001.4949672852,872345.6567543915,800175.5939516043,926357.8898395583
2025-05-07 17:30:00+00:00,831794.5337928623,875929.3554213516,816177.4234645996,865974.1293802192,793540.0563589399,921010.4183980004
2025-05-07 18:30:00+00:00,833523.6432060093,878340.9658441849,817873.8815792237,868263.9907580935,795189.645110983,920979.4081236728
2025-05-07 19:30:00+00:00,861384.9990028233,908535.8073938296,845209.1229274903,898134.0991359284,821769.6745698767,924289.9525657005
2025-05-08 13:30:00+00:00,863004.4279884188,911230.7647845104,846797.9717434081,899873.2326083687,823314.6270286742,929570.6596772613
2025-05-08 14:30:00+00:00,863151.679438004,911759.4587685434,846942.4425991212,900532.6174920439,823455.1064761347,933060.5014844522
2025-05-08 15:30:00+00:00,868966.0899375767,918470.728031846,852647.0578182373,907440.4725467726,829002.1158712201,937147.1812626963
2025-05-08 16:30:00+00:00,867898.7696479647,917724.6825545742,851599.8920620116,907304.3913282909,827983.8809745822,937558.0454355862
2025-05-08 17:30:00+00:00,868414.7674812168,918907.6161861093,852106.1461513672,908079.4069271514,828476.1483900155,935478.5122517816
2025-05-08 18:30:00+00:00,872577.4008506626,923315.4604908528,856190.175249878,912665.5358361657,832447.3448527195,937022.1738395569
2025-05-08 19:30:00+00:00,863961.3939308019,914230.258511129,847736.8670070802,903852.869826043,824227.5827055335,930455.1113541176
2025-05-09 13:30:00+00:00,854845.5070899813,904898.031791258,838793.1182277831,895240.956169303,815530.9298024949,929093.9096524003
2025-05-09 14:30:00+00:00,856655.5991844027,906819.5896410965,840569.0298031005,898024.7049058608,817257.7768929203,928378.9163868128
2025-05-09 15:30:00+00:00,855974.7156699985,906153.6547117475,839901.0036190186,897813.2134314126,816608.2067857466,926808.7247626439
2025-05-09 16:30:00+00:00,857042.0359596104,907831.7677020397,840948.1693752442,899769.6549367147,817626.4416823845,927281.2580929787
2025-05-09 17:30:00+00:00,858146.1971916049,909244.8946456253,842031.4803951415,901964.4020785034,818679.8232294928,927467.2318911417
2025-05-09 18:30:00+00:00,859214.9776405186,910714.4996398323,843080.0787380371,904001.4307963878,819699.4511336187,928416.9544853506
2025-05-09 19:30:00+00:00,858445.7544883579,910119.3747795942,842325.3810604248,903924.4151841087,818965.6040734111,927451.9463734846
2025-05-12 13:30:00+00:00,889651.2682060093,943305.9970024851,872941.6315792237,937842.2415522989,848735.9957206809,948608.5083759365
2025-05-12 14:30:00+00:00,895476.7422202915,950519.0649172916,878657.1013973389,944792.8567191715,854293.5598263498,948843.5012479658
2025-05-12 15:30:00+00:00,900775.9411262363,956656.3043748811,883856.2339199219,950818.3299764746,859349.0518869573,948413.7497975108
2025-05-12 16:30:00+00:00,902912.0980247349,959644.4876215982,885952.0531185303,954115.7190453017,861386.968264932,951366.7536828434
2025-05-12 17:30:00+00:00,903453.1432060093,960791.4715876862,886482.8815792237,955178.434517714,861903.1311165084,952688.511721181
2025-05-12 18:30:00+00:00,902348.9819740147,959813.9681952673,885399.5705593262,954501.9696088411,860849.7495694,952105.553702943
2025-05-12 19:30:00+00:00,905330.1779884188,963850.7738012217,888324.4717434081,958152.920393801,863693.8422425447,953838.5273053811
2025-05-13 13:30:00+00:00,951152.3917564243,1013589.0327787588,933281.4107235108,1007217.5998564375,907408.7210412495,950905.1134800345
2025-05-13 14:30:00+00:00,955679.447191605,1018653.5209872336,937722.9803951416,1013058.1045843952,911727.5800266728,950509.5348248016
2025-05-13 15:30:00+00:00,960316.9131339878,1023662.4788847878,942272.8756588135,1019097.7769405855,916151.771809086,949348.8896564834
2025-05-13 16:30:00+00:00,963077.2881339878,1027265.3474548265,944981.1256588135,1022700.1051276712,918785.1988882514,950806.109006473
2025-05-13 17:30:00+00:00,960206.5026267857,1024917.7249386153,942164.5500667725,1020491.457926171,916046.4390120963,949520.8956540286
2025-05-13 18:30:00+00:00,958513.3917564243,1023212.2501490924,940503.4107235108,1018873.2121834023,914431.1932523574,949988.6852030215
2025-05-13 19:30:00+00:00,955753.0167564243,1019590.2576903595,937795.1607235108,1015514.2428139151,911797.766173192,947509.0052782473
2025-05-14 13:30:00+00:00,976511.0906699985,1042528.5542112727,958161.2536190186,1037895.5835287387,931601.189242639,949428.4797656642
2025-05-14 14:30:00+00:00,987515.7497276157,1055060.6087625693,968958.1083553467,1050467.8405968046,942099.7509088302,947915.8284522166
2025-05-14 15:30:00+00:00,993514.9826988071,1062063.7966111666,974844.0559871827,1057158.4728020912,947823.0829055908,946523.9678673821
2025-05-14 16:30:00+00:00,989760.9131339878,1059124.4431753873,971160.8756588135,1053821.78017591,944241.6606535177,944318.988021425
2025-05-14 17:30:00+00:00,990496.94574202,1060968.5679878832,971883.0095394287,1055133.638583381,944943.8435819751,944885.4306527688
2025-05-14 18:30:00+00:00,992926.0892204136,1064449.5956401234,974266.2827633057,1058160.0488042084,947261.2722701714,945644.874906486
2025-05-14 19:30:00+00:00,996290.857851395,1068350.7698121527,977567.5134456787,1062493.5760104368,950471.2972950152,945551.5805400953
2025-05-15 13:30:00+00:00,981001.3051627964,1052451.841776435,962566.6780269776,1046355.186906308,935884.9015775917,942744.0526159143
2025-05-15 14:30:00+00:00,989208.7482780308,1061425.4637088228,970619.1374996338,1055583.370666031,943714.8895141468,947468.507441236
2025-05-15 15:30:00+00:00,995330.1853507847,1068470.5576331953,976624.9816158448,1063233.6777678696,949554.8055222245,948332.1391888696
2025-05-15 16:30:00+00:00,1002716.2326988071,1077524.1713179923,983871.5559871827,1071354.3745635378,956601.1731694756,950035.2445384143
2025-05-15 17:30:00+00:00,996385.7682060093,1070936.2252295753,977660.6315792237,1065665.9246741964,950561.842781746,949752.550309558
2025-05-15 18:30:00+00:00,984424.1432060093,1058997.8713193273,965924.8815792237,1053867.8406197727,939150.3254386955,950929.6230169676
2025-05-15 19:30:00+00:00,992999.6587852329,1068985.7040877116,974338.4630916748,1063374.372522892,947331.4584166905,951960.2534373966
2025-05-16 13:30:00+00:00,996864.2511772007,1073490.028920147,978130.0792110596,1068348.421016945,951018.3206201755,952719.9612345216
2025-05-16 14:30:00+00:00,992742.1091483921,1070049.017477473,974085.7768428955,1064969.5693963796,947085.7533266626,952347.7500947878
2025-05-16 15:30:00+00:00,992226.7852348179,1069763.744674845,973580.1839473877,1065095.141403906,946594.1288377624,954282.0708608488
2025-05-16 16:30:00+00:00,999785.0190605015,1078189.9221535707,980995.6933468018,1073931.0520605296,953804.7642141948,956752.8781575575
2025-05-16 17:30:00+00:00,993993.4656699985,1072271.3385945132,975313.5036190186,1068818.0329045975,948279.5607440203,957851.9420162336
2025-05-16 18:30:00+00:00,994326.9435905308,1072631.0471516422,975640.6843746338,1069176.6088781082,948597.7022234328,958720.4932408143
2025-05-16 19:30:00+00:00,996091.3776267857,1075375.5810480076,977371.8000667725,1071217.751781219,950280.9910412474,959249.688403844
2025-05-19 13:30:00+00:00,995833.7156699985,1076201.134683751,977119.0036190186,1071161.6566926206,950035.1787967973,958117.5937713799
2025-05-19 14:30:00+00:00,993183.7511772007,1073284.241803993,974519.0792110596,1067652.3120903336,947507.0845146215,957081.6924827932
2025-05-19 15:30:00+00:00,995392.07364119,1076488.3643187692,976685.7012508545,1071158.6134417115,949613.8476088383,961049.6898796872
2025-05-19 16:30:00+00:00,995760.0337852329,1077761.5121033709,977046.7130916748,1071926.371900057,949964.8854958559,962781.7850040989
2025-05-19 17:30:00+00:00,994361.5381339878,1076478.280528002,975674.6256588135,1070486.795843832,948630.7057854601,960766.7321074231
2025-05-19 18:30:00+00:00,994619.0877708286,1076757.0681256582,975927.3119075928,1070764.0439517421,948876.4108754881,960483.1594005406
2025-05-19 19:30:00+00:00,997342.7341483921,1080795.7132116593,978599.5268428955,1074356.0044112196,951474.7984586051,962388.4903917344
2025-05-20 13:30:00+00:00,978645.7312492222,1061659.3901540537,960255.5851314698,1054707.3323676272,933637.6590359145,960197.3026507898
2025-05-20 14:30:00+00:00,984718.5337852329,1067922.927510874,966213.7130916748,1061161.301647749,939431.177179194,960868.3720150635
2025-05-20 15:30:00+00:00,986997.505495438,1069607.7248325613,968449.6502864991,1063268.2275894098,941605.3404049537,959150.0689956641
2025-05-20 16:30:00+00:00,987147.6772636265,1069904.5642227086,968596.9863155518,1064432.3616798655,941748.6058673904,960152.8516626601
2025-05-20 17:30:00+00:00,982326.2312492222,1064812.3696333198,963866.5851314698,1059600.364370753,937148.8951414685,956550.3011246979
2025-05-20 18:30:00+00:00,985013.0366844028,1067932.7957849088,966502.6548031006,1062601.948410418,939712.1360741148,957741.9565673437
2025-05-20 19:30:00+00:00,989172.0196555943,1073245.7891143463,970583.1024349366,1068088.978525565,943679.8500180984,959819.1178604773
2025-05-21 13:30:00+00:00,987000.5381339878,1071670.9885499564,968452.6256588135,1066073.7717751807,941608.2335743522,951519.9602506262
2025-05-21 14:30:00+00:00,1000182.5193504185,1086885.1616116948,981385.6875179444,1081698.6509998105,954183.9837142422,952436.1249842313
2025-05-21 15:30:00+00:00,1009083.5381339878,1096764.3882752159,990118.6256588135,1093121.7063944973,962675.650207676,952076.3003846679
2025-05-21 16:30:00+00:00,980596.3917564243,1066948.9253088564,962169.4107235108,1062344.323670146,935498.6098856812,941845.6331384401
2025-05-21 17:30:00+00:00,977872.8576988071,1064404.3997266276,959497.3059871827,1060620.6539199566,932900.3294569864,943944.9320778359
2025-05-21 18:30:00+00:00,964871.1499961704,1050946.8366182577,946741.1134822998,1048161.749477907,920496.5621646736,940275.4415142712
2025-05-21 19:30:00+00:00,969665.3022636265,1055632.995077901,951444.7363155518,1053029.3570739964,925070.234366009,941317.7556924497
2025-05-22 13:30:00+00:00,979308.1942924351,1066861.9289384638,960905.5386837159,1064513.1047143296,934269.6558178529,939419.0132864531
2025-05-22 14:30:00+00:00,978130.5196555943,1065706.6938965248,959750.1024349366,1063772.9312736054,933146.1417014365,940469.3216146707
2025-05-22 15:30:00+00:00,981921.4301627964,1069964.1374300488,963469.4280269776,1068857.0668371154,936762.7106039801,942755.9999170717
2025-05-22 16:30:00+00:00,982775.2863944859,1070933.86613823,964307.160631958,1071134.3598298333,937577.2985212904,943800.7738337237
2025-05-22 17:30:00+00:00,981479.7881339878,1070110.6869723147,963036.1256588135,1071246.2862822784,936341.3794160213,945491.7561865058
2025-05-22 18:30:00+00:00,985776.3630393833,1075673.3103557616,967251.5670345459,1076232.1693644407,940440.3575271588,946463.2650357664
2025-05-22 19:30:00+00:00,977467.2703727573,1067137.9779990194,959099.3774898682,1068014.3752295494,932513.3948385429,941145.3104558914
2025-05-23 13:30:00+00:00,960832.1247276157,1048752.2172289935,942778.3583553467,1049144.2861995895,916643.289143564,934317.8670834636
2025-05-23 14:30:00+00:00,964144.5522636265,1053408.9469524801,946028.2363155518,1053809.0715535332,919803.3802076781,935265.7448738172
2025-05-23 15:30:00+00:00,964365.3732780308,1054260.0840340017,946244.8874996338,1054724.9601562265,920014.0458016576,935471.1330363608
2025-05-23 16:30:00+00:00,971284.7312492222,1062143.1169897928,953033.5851314698,1063623.131000778,926615.1868248066,938719.3933863254
2025-05-23 17:30:00+00:00,972646.4982780308,1064330.7515572438,954369.6374996338,1066070.03608505,927914.327039154,938269.173397858
2025-05-23 18:30:00+00:00,968884.3416770786,1061248.8137781266,950678.5228450928,1061990.6402694455,924325.189668685,936698.5425346763
2025-05-23 19:30:00+00:00,966573.69574202,1059587.2911820223,948411.5095394287,1059897.7641093724,922120.8088958744,935836.0528084767
2025-05-27 13:30:00+00:00,995883.6980460972,1092150.2446358353,977168.0421627198,1092914.7594908786,950082.8625146614,946268.5064573407
2025-05-27 14:30:00+00:00,995281.6631339878,1092162.9377460624,976577.3756588135,1092502.4899440953,949508.5148118486,948382.9152187884
2025-05-27 15:30:00+00:00,995664.3371909946,1093586.240967226,976952.8235653077,1093001.4421790075,949873.5899281701,949634.4828628263
2025-05-27 16:30:00+00:00,998152.44864119,1097475.1366502559,979393.9512508545,1096494.6202278796,952247.2746880038,950260.1349131414
2025-05-27 17:30:00+00:00,995587.8473075718,1095552.1371748904,976877.7780635987,1094137.5662806516,949800.6177666746,951538.1447457703
2025-05-27 18:30:00+00:00,994766.3392204136,1094775.3439496954,976071.7827633057,1094019.5369811081,949016.8903229485,951203.532465561
2025-05-27 19:30:00+00:00,997342.7341483921,1097666.6234416547,978599.5268428955,1097404.873150621,951474.7984586051,952330.2683820648
2025-05-28 13:30:00+00:00,995686.4642204136,1096401.207486433,976974.5327633057,1096222.6141910704,949894.6993493369,951553.4302634274
2025-05-28 14:30:00+00:00,998092.8067497105,1099757.2119090832,979335.435595337,1099187.7621277769,952190.3756898333,948994.8630118935
2025-05-28 15:30:00+00:00,1000657.4080833286,1101940.678470392,981851.6087825928,1101532.5408847518,954637.0326111625,949831.2619407126
2025-05-28 16:30:00+00:00,1004409.2312492222,1106191.8491445028,985532.5851314698,1105777.7492118306,958216.3117747923,950200.486255157
2025-05-28 17:30:00+00:00,1006028.6602348179,1109129.4959390007,987121.4339473877,1108671.9865262192,959761.2642335898,949750.705505703
2025-05-28 18:30:00+00:00,1007206.447191605,1110900.1428400958,988276.9803951416,1110014.5886508625,960884.8855044283,948523.9987898086
2025-05-28 19:30:00+00:00,992348.9893363804,1093840.4029024113,973700.0804317627,1093347.938498953,946710.7128490796,946932.6358452066
2025-05-29 13:30:00+00:00,1035099.4210532993,1142620.814636694,1015643.2427547608,1140821.7838742763,987495.078933162,948135.7993499966
2025-05-29 14:30:00+00:00,1042760.0906699985,1151883.5031211528,1023159.2536190186,1150333.923749354,994803.4391426103,948047.6001561583
2025-05-29 15:30:00+00:00,1034738.0877860874,1142748.7386462505,1015288.7326534424,1141159.0630412546,987150.3631570521,945263.264051871
2025-05-29 16:30:00+00:00,1029620.6787132114,1137576.7337185622,1010267.9571712647,1135606.5826220186,982268.3005287213,947081.5378706607
2025-05-29 17:30:00+00:00,1019088.5496696323,1127507.8807452286,999934.7095211182,1125394.2868693431,972220.5375165849,946242.4156599601
2025-05-29 18:30:00+00:00,1022517.3406699985,1131466.6699693904,1003298.7536190186,1130261.5344552714,975491.6405620635,947808.5662852081
2025-05-29 19:30:00+00:00,1024504.7297996372,1134068.3349963638,1005248.6142757569,1133266.6534877112,977387.6309078786,949485.1415983592
2025-05-30 13:30:00+00:00,1011107.7682060093,1119239.0396472428,992104.6315792237,1118448.2780909827,964606.7872039618,950377.4995774521
2025-05-30 14:30:00+00:00,1001869.6772636265,1109425.6482048123,983040.9863155518,1109105.8178468274,955793.5502896062,949538.0259755411
2025-05-30 15:30:00+00:00,983356.7667564243,1088728.2222107106,964877.6607235108,1087892.9823888638,938132.0369648467,944453.4830072481
2025-05-30 16:30:00+00:00,989777.7611259312,1096771.8377889001,971177.4055050049,1095626.588159115,944257.7338168427,946347.481631903
2025-05-30 17:30:00+00:00,992116.3747276157,1100240.5070112094,973471.8583553467,1098465.8381609437,946488.7960407727,949522.6526100811
2025-05-30 18:30:00+00:00,995686.4642204136,1104482.6602170144,976974.5327633057,1102498.2261223772,949894.6993493369,952572.6404695149
2025-05-30 19:30:00+00:00,992558.0167564243,1101406.2913000726,973905.1607235108,1099827.4195129261,946910.1272287316,949785.8446267539
2025-06-02 13:30:00+00:00,1005955.7645896763,1116575.0403544246,987049.9148128662,1115332.2566775696,959691.7210136036,946073.1329442963
2025-06-02 14:30:00+00:00,1004482.1268943638,1115496.6592720298,985604.1042659912,1114140.4288291023,958285.8549947783,945357.7004396959
2025-06-02 15:30:00+00:00,1011458.0941184849,1123908.0941976542,992448.3421810303,1122617.7038308785,964941.0018466993,945536.4707180434
2025-06-02 16:30:00+00:00,1012653.6276267857,1124928.0753723253,993621.3000667725,1123133.872473415,966081.5535162402,945999.604333497
2025-06-02 17:30:00+00:00,1016049.9581626743,1128864.357608323,996953.4966610108,1127011.6975124704,969321.6889337128,949356.2688719041
2025-06-02 18:30:00+00:00,1013058.4287132114,1125280.6026452135,994018.4571712647,1122956.5882452957,966467.7380537285,950793.9860097104
2025-06-02 19:30:00+00:00,1011181.3377708286,1123721.536010729,992176.8119075928,1121541.9594646753,964676.9733504809,951668.5987326725
2025-06-03 13:30:00+00:00,1040110.1261772007,1156191.3697606083,1020559.3292110596,1154117.7961079343,992275.3448604345,951915.7146014645
2025-06-03 14:30:00+00:00,1043937.0913871616,1159995.5662468697,1024314.0286739502,1157637.8785787523,995926.3103324937,953784.3252111598
2025-06-03 15:30:00+00:00,1042060.7866844028,1158364.964349694,1022473.1548031006,1156489.2788422876,994136.2957102013,955522.5696817555
2025-06-03 16:30:00+00:00,1042428.8591483921,1159494.6608763954,1022834.2768428955,1157300.4441722059,994487.440751641,956500.5792684105
2025-06-03 17:30:00+00:00,1039078.1305106968,1156597.854120918,1019546.8210323487,1153783.5248995328,991290.8100295682,956771.8532829251
2025-06-03 18:30:00+00:00,1041214.2312492222,1159656.2633123754,1021642.5851314698,1156915.9322191274,993328.6728303318,956257.9436375526
2025-06-03 19:30:00+00:00,1039889.3051627964,1158622.4140044749,1020342.6780269776,1156681.77372016,992064.6792664551,956338.9393115754
2025-06-04 13:30:00+00:00,1037791.3932060093,1156887.374571056,1018284.3815792237,1155283.7034965053,990063.248969228,957848.779495339
2025-06-04 14:30:00+00:00,1040294.1062492222,1160627.4386709027,1020739.8351314698,1158543.7069807542,992450.8638039434,957143.8008792511
2025-06-04 15:30:00+00:00,1034295.6595176548,1154530.7644632393,1014854.6588924561,1152781.6769223332,986728.281888138,955596.5375315682
2025-06-04 16:30:00+00:00,1036355.9442924351,1157729.2808279204,1016876.0386837159,1155409.4407482957,988693.8154539394,957177.7101310655
2025-06-04 17:30:00+00:00,1042456.8268150181,1164663.0933133846,1022861.7163875733,1162995.5998218555,994514.1222027605,957283.6545810344
2025-06-04 18:30:00+00:00,1042833.6602348179,1166268.1847181655,1023231.4339473877,1163613.671770039,994873.6252891294,956110.6228725458
2025-06-04 19:30:00+00:00,1044012.1211112827,1167341.492927879,1024387.6415889893,1164460.6176429538,995997.889486501,954264.5013003232
2025-06-05 13:30:00+00:00,1045103.0847495884,1169279.7011616481,1025458.0042293702,1165997.3818135408,997038.6803890048,953210.8547556057
2025-06-05 14:30:00+00:00,1052910.1072563021,1177479.7021348742,1033117.604357544,1174274.8181825092,1004486.6628105362,957006.5826115465
2025-06-05 15:30:00+00:00,1052660.6446555941,1178338.382195055,1032872.8524349366,1174612.6971023735,1004248.6728389042,957083.5372866484
2025-06-05 16:30:00+00:00,1042161.6499961704,1167655.864342395,1022572.1134822998,1163900.8376644822,994232.5203813069,955949.5978503291
2025-06-05 17:30:00+00:00,1035803.8917564243,1161036.4147022406,1016334.4107235108,1157908.0668911587,988167.1514689907,954501.7782152208
2025-06-05 18:30:00+00:00,1027523.5529960484,1152983.9096554327,1008210.432116333,1149589.279686032,980267.6203124494,950537.2068826293
2025-06-05 19:30:00+00:00,1030172.7312492222,1156941.0443656223,1010809.5851314698,1153136.9085896304,982794.96451367,951839.5505565861
2025-06-06 13:30:00+00:00,1042649.6801627964,1171993.7416893046,1023050.9280269776,1167911.3578753984,994698.1063456206,963061.7559510737
2025-06-06 14:30:00+00:00,1043017.7526267857,1172269.700547724,1023412.0500667725,1168034.030427299,995049.2513870604,959563.12936362
2025-06-06 15:30:00+00:00,1047176.6232780308,1177186.407391852,1027492.3874996338,1173070.8318418374,999016.8581766217,960468.1374262914
2025-06-06 16:30:00+00:00,1046109.3591483921,1177129.3858812884,1026445.2768428955,1173107.4063798138,997998.6768571951,959202.4262860303
2025-06-06 17:30:00+00:00,1047949.6091483921,1180397.0503283732,1028250.7768428955,1175982.913042919,999754.294909972,961157.8305247219
2025-06-06 18:30:00+00:00,1045791.2690605015,1178403.8235794627,1026133.1933468018,1173991.376857122,997695.2155336194,961880.3787013354
2025-06-06 19:30:00+00:00,1042980.9116844028,1175778.5421412457,1023375.9048031006,1171304.4644108955,995014.1047365897,961612.0915121101
2025-06-09 13:30:00+00:00,1062745.1787132113,1197844.153972605,1042766.9571712647,1192919.0556186188,1013869.425478707,959324.3590360777
2025-06-09 14:30:00+00:00,1053949.5160392611,1187281.6925857058,1034137.3856685791,1182495.310973068,1005478.2698332656,959360.7280263656
2025-06-09 15:30:00+00:00,1046919.07364119,1179650.6304331375,1027239.7012508545,1175626.906557509,998771.1530865938,961687.4649267648
2025-06-09 16:30:00+00:00,1050930.8051627963,1184499.5190879062,1031175.6780269776,1181370.021389879,1002598.387583117,964022.7230640189
2025-06-09 17:30:00+00:00,1051445.3428367465,1185795.1221859006,1031680.4995296631,1182766.9953708055,1003089.261991062,964210.9809050502
2025-06-09 18:30:00+00:00,1050967.5337852328,1185984.9112239361,1031211.7130916748,1182702.1637076286,1002633.4270791655,963290.5116291164
2025-06-09 19:30:00+00:00,1049311.3761772006,1184976.2379502372,1029586.8292110596,1181708.3613131626,1001053.4351243195,961509.1338874304
2025-06-10 13:30:00+00:00,1051151.6261772006,1187960.5033564535,1031392.3292110596,1184783.8376174206,1002809.0531770964,962089.8078628
2025-06-10 14:30:00+00:00,1050319.7846549838,1187085.9032392185,1030576.1956051026,1184879.3991794551,1002015.4675265308,962744.1861445742
2025-06-10 15:30:00+00:00,1053470.359148392,1191302.95419585,1033667.2768428955,1188492.8113746287,1005021.1490683029,963209.9551941068
2025-06-10 16:30:00+00:00,1050084.2497276156,1187596.6945463906,1030345.1083553467,1185262.7549703456,1001790.7647032476,964165.5635910917
2025-06-10 17:30:00+00:00,1053506.4138511508,1192697.8245938183,1033702.6507137452,1189892.0211818817,1005055.5456378184,961501.2275851939
2025-06-10 18:30:00+00:00,1059984.8037132113,1199551.4481142517,1040058.7071712647,1196387.0008644257,1011235.9983995415,963577.2468568935
2025-06-10 19:30:00+00:00,1059616.731249222,1199417.5677152707,1039697.5851314698,1196286.1952841503,1010884.8533581017,964286.9692543232
