date,A2C Agent 1,A2C Agent 2,SAC Agent 1,SAC Agent 2,Mean Var,djia
2025-02-18 14:30:00+00:00,1000000.0,1000000.0,1000000.0,1000000.0,990434.209879323,1000000.0
2025-02-18 15:30:00+00:00,1000000.0,1000000.0,1000000.0,1000000.0,990434.209879323,999836.2377413319
2025-02-18 16:30:00+00:00,1000000.0,1000000.0,1000000.0,1000000.0,990434.209879323,1000334.640795744
2025-02-18 17:30:00+00:00,1000000.0,1000000.0,1000000.0,1000000.0,990434.209879323,1000279.5555295503
2025-02-18 18:30:00+00:00,999908.2813242187,999908.2813242187,999641.7239227295,999641.7239227295,986360.85037297,997623.1630117988
2025-02-18 19:30:00+00:00,999883.9899433594,999883.9899433594,999546.8357162476,999546.8357162476,986183.4664844736,999572.8475849548
2025-02-18 20:30:00+00:00,999812.4088066407,999812.4088066407,999267.2219009399,999267.2219009399,985194.8613235406,1002064.2478699924
2025-02-19 14:30:00+00:00,999753.6033886719,999753.6033886719,999037.5132369995,999037.5132369995,984629.4973555245,998844.6150945578
2025-02-19 15:30:00+00:00,1000131.4820390625,1000131.4820390625,1000513.6017150879,1000513.6017150879,988998.9639486927,999278.7080774328
2025-02-19 16:30:00+00:00,1000011.19365625,1000011.19365625,1000043.7252197266,1000043.7252197266,988056.9422770183,998213.2869879113
2025-02-19 17:30:00+00:00,1000732.3988984375,1000732.3988984375,1002860.9331970215,1002860.9331970215,993886.34836341,998580.6099511577
2025-02-19 18:30:00+00:00,1000514.9282421875,1000514.9282421875,1002011.4384460449,1002011.4384460449,992509.7631229572,1002249.095398017
2025-02-19 19:30:00+00:00,999200.1426757813,999200.1426757813,996875.5573272705,996875.5573272705,984554.5540105366,1002175.7362317145
2025-02-19 20:30:00+00:00,999080.6886992188,999080.6886992188,996408.9402313232,996408.9402313232,983993.503328563,1003541.4466989869
2025-02-20 14:30:00+00:00,998190.7507441407,998190.7507441407,992932.6200942993,992932.6200942993,979616.2728205182,993748.3933464027
2025-02-20 15:30:00+00:00,997680.5619941407,997680.5619941407,990939.6952896118,990939.6952896118,977350.6114945624,990741.1068044448
2025-02-20 16:30:00+00:00,999792.7775625001,999792.7775625001,999190.5373535156,999190.5373535156,986396.2193185182,990852.2437450109
2025-02-20 17:30:00+00:00,999613.6378847657,999613.6378847657,998490.7729873657,998490.7729873657,985760.2252915567,988874.8847558247
2025-02-20 18:30:00+00:00,1000200.3827734377,1000200.3827734377,1000722.5810795747,1000722.5810795747,987985.5573930155,991027.8664676921
2025-02-20 19:30:00+00:00,1000377.2377460939,1000377.2377460939,1001403.1600590668,1001403.1600590668,988657.5673584316,992659.4270394332
2025-02-20 20:30:00+00:00,1000838.0532031251,1000838.0532031251,1002977.7087956391,1002977.7087956391,990212.2913124382,993676.8791411689
2025-02-21 14:30:00+00:00,998769.5592500002,998769.5592500002,996607.9831639252,996607.9831639252,983922.7654374666,985146.7455677446
2025-02-21 15:30:00+00:00,998676.851091797,998676.851091797,996387.6031285248,996387.6031285248,983705.1601566242,985128.7352335027
2025-02-21 16:30:00+00:00,998126.2992187501,998126.2992187501,994898.2359715424,994898.2359715424,982234.5452804456,983289.221192734
2025-02-21 17:30:00+00:00,993213.375544922,993213.375544922,981864.5806370698,981864.5806370698,969364.9937155424,978202.3999605003
2025-02-21 18:30:00+00:00,988202.2045039063,988202.2045039063,969171.1608437805,969171.1608437805,956833.2802799151,975414.663785716
2025-02-21 19:30:00+00:00,987311.4127890626,987311.4127890626,967047.4402627258,967047.4402627258,954736.5919346728,977424.2656659598
2025-02-21 20:30:00+00:00,984744.3543632814,984744.3543632814,961106.2871560364,961106.2871560364,948871.0620776755,976808.9272219086
2025-02-24 14:30:00+00:00,980439.1306933595,980439.1306933595,951514.4841470032,951514.4841470032,939401.3504035943,977638.8082816612
2025-02-24 15:30:00+00:00,984116.197685547,984116.197685547,959459.8685158996,959459.8685158996,947245.6002325725,980135.3041734601
2025-02-24 16:30:00+00:00,986034.4448632814,986034.4448632814,963468.4402627258,963468.4402627258,951203.1480086853,981019.9190782504
2025-02-24 17:30:00+00:00,986088.8566875001,986088.8566875001,963611.5216225891,963611.5216225891,951344.4081265761,981780.482314994
2025-02-24 18:30:00+00:00,979018.8479843752,979018.8479843752,950011.3653115539,950011.3653115539,937917.3643406841,981112.5185528407
2025-02-24 19:30:00+00:00,978425.883261719,978425.883261719,948937.7090005188,948937.7090005188,936857.3742957483,979598.4205024724
2025-02-24 20:30:00+00:00,968607.9494570314,968607.9494570314,931257.4402627258,931257.4402627258,919402.1526747982,977640.65324273
2025-02-25 14:30:00+00:00,949094.2966562503,949094.2966562503,897185.2903603821,897185.2903603821,885763.6974868209,974157.8938767851
2025-02-25 15:30:00+00:00,952668.6789179689,952668.6789179689,903269.6340493468,903269.6340493468,891770.5952938598,976270.7257215863
2025-02-25 16:30:00+00:00,962814.4094101564,962814.4094101564,919983.5028847961,919983.5028847961,908271.7180422168,977952.8030844937
2025-02-25 17:30:00+00:00,962103.5636796877,962103.5636796877,918874.0216225891,918874.0216225891,907176.3590517328,978550.131194303
2025-02-25 18:30:00+00:00,957018.3393515627,957018.3393515627,911000.2325448303,911000.2325448303,899402.7931977755,978067.0149601743
2025-02-25 19:30:00+00:00,964319.1962529299,964319.1962529299,922059.3840493469,922059.3840493469,910321.1759052941,983015.7276781235
2025-02-25 20:30:00+00:00,953674.8426982423,953674.8426982423,906419.1169137267,906419.1169137267,894879.9892857975,981153.2834069298
2025-02-26 14:30:00+00:00,972728.0725351564,972728.0725351564,933762.6747292785,933762.6747292785,921875.4987236988,985367.613764253
2025-02-26 15:30:00+00:00,982772.156185547,982772.156185547,947828.1185158996,947828.1185158996,935761.9074731133,984219.4329925075
2025-02-26 16:30:00+00:00,983499.3730820314,983499.3730820314,948843.1223916321,948843.1223916321,936763.991652929,983181.5106084383
2025-02-26 17:30:00+00:00,971754.1519062502,971754.1519062502,933227.2664651184,933227.2664651184,921346.9055191947,975770.4777061054
2025-02-26 18:30:00+00:00,969066.9287246095,969066.9287246095,929754.2122048645,929754.2122048645,917918.058779737,976689.444028889
2025-02-26 19:30:00+00:00,973837.5371796876,973837.5371796876,935838.5558938293,935838.5558938293,923924.9565867761,976488.8704041361
2025-02-26 20:30:00+00:00,978313.5954277345,978313.5954277345,941421.7871560364,941421.7871560364,929437.1204847444,977140.6687931161
2025-02-27 14:30:00+00:00,954509.2354765626,954509.2354765626,912503.4606026916,912503.4606026916,900886.8870928367,985290.916096969
2025-02-27 15:30:00+00:00,947273.6904970706,947273.6904970706,903913.827835968,903913.827835968,892406.5893208215,984218.1151631727
2025-02-27 16:30:00+00:00,952172.7454072266,952172.7454072266,909640.2496804503,909640.2496804503,898060.1211688315,983272.7922536938
2025-02-27 17:30:00+00:00,955480.6315107424,955480.6315107424,913433.9809426575,913433.9809426575,901805.5631038062,983269.6294632903
2025-02-27 18:30:00+00:00,930728.3111025394,930728.3111025394,885768.3262337953,885768.3262337953,874492.0566524244,978724.2603770713
2025-02-27 19:30:00+00:00,918733.5977187502,918733.5977187502,872633.4027871399,872633.4027871399,861524.3239139793,972909.2066544407
2025-02-27 20:30:00+00:00,906071.5830820316,906071.5830820316,859033.1918648988,859033.1918648988,848097.226212012,972705.6459498624
2025-02-28 14:30:00+00:00,924508.710083008,924508.710083008,878502.9606026916,878502.9606026916,867319.1697959558,978169.8056482868
2025-02-28 15:30:00+00:00,916405.9205644535,916405.9205644535,870128.0590981751,870128.0590981751,859050.8700329278,975239.2167736129
2025-02-28 16:30:00+00:00,920762.2163535159,920762.2163535159,874573.1928262024,874573.1928262024,863439.4229168339,976290.6688721859
2025-02-28 17:30:00+00:00,909269.9131230471,909269.9131230471,863112.5397347717,863112.5397347717,852124.6492220127,972103.5736544479
2025-02-28 18:30:00+00:00,908458.1696271364,908458.1696271364,862325.8653115539,862325.8653115539,851347.9881539913,974013.2840711157
2025-02-28 19:30:00+00:00,918929.2906128543,918929.2906128543,872454.4418648988,872454.4418648988,861347.640934465,979669.3197206834
2025-02-28 20:30:00+00:00,942774.7531197434,942774.7531197434,895109.5184182433,895109.5184182433,883714.3474558945,985806.8902091782
2025-03-03 14:30:00+00:00,901008.686217583,901008.686217583,855454.1918648988,855454.1918648988,844563.7822860245,986950.3267953185
2025-03-03 15:30:00+00:00,898822.3693154223,898822.3693154223,853378.3653115539,853378.3653115539,842514.3783390226,983359.8568450778
2025-03-03 16:30:00+00:00,892715.797721184,892715.797721184,847580.4027871399,847580.4027871399,836790.2164320671,984772.4820366683
2025-03-03 17:30:00+00:00,868817.1240074998,868817.1240074998,824889.5012826232,824889.5012826232,814388.1409650891,977030.4104054398
2025-03-03 18:30:00+00:00,874886.0213082202,874886.0213082202,830651.6934670716,830651.6934670716,820076.9878425722,977217.542170978
2025-03-03 19:30:00+00:00,853211.3963082202,853211.3963082202,810072.4434670716,810072.4434670716,799759.6852681442,967102.6748948416
2025-03-03 20:30:00+00:00,859544.186217583,859544.186217583,816085.1918648988,816085.1918648988,805695.8991001624,971555.0052300254
2025-03-04 14:30:00+00:00,841450.5747139818,841450.5747139818,798905.9809426575,798905.9809426575,788735.3574722074,957252.0763279722
2025-03-04 15:30:00+00:00,843109.1639168626,843109.1639168626,800480.7496804503,800480.7496804503,790290.0814262138,953677.8596061938
2025-03-04 16:30:00+00:00,874623.6816857225,874623.6816857225,830402.6117562561,830402.6117562561,819831.076622076,958154.7015670046
2025-03-04 17:30:00+00:00,876054.5571053394,876054.5571053394,831761.1747292787,831761.1747292787,821172.3468330562,958511.1304744168
2025-03-04 18:30:00+00:00,887890.0370705492,887890.0370705492,842998.5225991516,842998.5225991516,832266.6576950318,963644.0757333676
2025-03-04 19:30:00+00:00,896334.485511101,896334.485511101,851016.2122048645,851016.2122048645,840182.2924080128,966842.008252423
2025-03-04 20:30:00+00:00,874245.2132103808,874245.2132103808,830043.2700204162,830043.2700204162,819476.3088450832,956222.2366304897
2025-03-05 14:30:00+00:00,874320.6193154223,874320.6193154223,830114.8653115539,830114.8653115539,819546.9928201041,957788.5207225148
2025-03-05 15:30:00+00:00,870097.9924691088,870097.9924691088,826105.6382302551,826105.6382302551,815588.798051085,955731.916262664
2025-03-05 16:30:00+00:00,878792.0115349656,878792.0115349656,834360.2858590392,834360.2858590392,823738.374615794,961401.2180608687
2025-03-05 17:30:00+00:00,876582.284804619,876582.284804619,832262.2325448303,832262.2325448303,821667.0268260513,961329.2645791898
2025-03-05 18:30:00+00:00,882913.5792458423,882913.5792458423,838273.5610513001,838273.5610513001,827601.8388401058,967592.8195520891
2025-03-05 19:30:00+00:00,887061.547721184,887061.547721184,842211.9027871399,842211.9027871399,831490.0505430859,969044.9796237228
2025-03-05 20:30:00+00:00,884272.097014702,884272.097014702,839563.4231271057,839563.4231271057,828875.282628068,966956.9229704154
2025-03-06 14:30:00+00:00,865834.7003929979,865834.7003929979,822057.8010262756,822057.8010262756,811592.4846166654,962024.4634809286
2025-03-06 15:30:00+00:00,859921.1017067798,859921.1017067798,816443.0590981751,816443.0590981751,806049.2111431159,964467.0162252905
2025-03-06 16:30:00+00:00,841643.5476220018,841643.5476220018,799089.2015389709,799089.2015389709,788916.2459056133,955773.1203931981
2025-03-06 17:30:00+00:00,840885.172721184,840885.172721184,798369.1527871399,798369.1527871399,788205.3624497395,956126.650076074
2025-03-06 18:30:00+00:00,833308.4409096605,833308.4409096605,791175.327835968,791175.327835968,781103.1056522164,953977.621852211
2025-03-06 19:30:00+00:00,837584.5595009691,837584.5595009691,795235.3433388977,795235.3433388977,785111.4423714792,957283.6163767179
2025-03-06 20:30:00+00:00,833685.4139168626,833685.4139168626,791533.2496804503,791533.2496804503,781456.4716112452,957560.4483923097
2025-03-07 14:30:00+00:00,837153.347014702,837153.347014702,794825.9231271057,794825.9231271057,784707.2335532247,957811.7145188069
2025-03-07 15:30:00+00:00,827051.0571053394,827051.0571053394,785234.1747292787,785234.1747292787,775237.5757952192,950417.9891084041
2025-03-07 16:30:00+00:00,821811.4544060593,821811.4544060593,780259.3669137267,780259.3669137267,770326.0908947394,951786.774510791
2025-03-07 17:30:00+00:00,833149.4036248093,833149.4036248093,791024.3278512267,791024.3278512267,780954.0277033736,958321.5387607871
2025-03-07 18:30:00+00:00,846275.5301125414,846275.5301125414,803487.096573761,803487.096573761,793258.1613841853,963518.530525408
2025-03-07 19:30:00+00:00,848951.9004204638,848951.9004204638,806028.2106026916,806028.2106026916,795766.9302947096,962865.1507412263
2025-03-07 20:30:00+00:00,849894.2754204638,849894.2754204638,806922.9606026916,806922.9606026916,796650.2912762065,962483.7709317422
2025-03-10 13:30:00+00:00,814720.2895958788,814720.2895958788,773526.5697640686,773526.5697640686,763678.9936068475,954580.2212793593
2025-03-10 14:30:00+00:00,811657.9734719164,811657.9734719164,770619.014542511,770619.014542511,760808.4478295114,954288.014588195
2025-03-10 15:30:00+00:00,814875.5882103808,814875.5882103808,773674.0200204162,773674.0200204162,763824.5670107807,951024.1027471119
2025-03-10 16:30:00+00:00,807148.8494408495,807148.8494408495,766337.7690438537,766337.7690438537,756581.6970882732,947192.8214497634
2025-03-10 17:30:00+00:00,804886.436217583,804886.436217583,764189.6918648988,764189.6918648988,754460.9621733442,942410.067372707
2025-03-10 18:30:00+00:00,804056.3938820726,804056.3938820726,763401.5975503235,763401.5975503235,753682.899287359,941698.966663662
2025-03-10 19:30:00+00:00,806846.534804619,806846.534804619,766050.7325448303,766050.7325448303,756298.3141952832,942620.3929345371
2025-03-11 13:30:00+00:00,801493.8517067798,801493.8517067798,760968.5590981751,760968.5590981751,751280.8302903102,932101.3913290695
2025-03-11 14:30:00+00:00,820982.159804619,820982.159804619,779471.9825448303,779471.9825448303,769548.7289177362,932089.7065756345
2025-03-11 15:30:00+00:00,820416.7578118212,820416.7578118212,778935.1543893127,778935.1543893127,769018.7338952683,930831.9702585248
2025-03-11 16:30:00+00:00,810917.6017067798,810917.6017067798,769916.0590981751,769916.0590981751,760114.4401052789,926365.9344982593
2025-03-11 17:30:00+00:00,832554.5524132616,832554.5524132616,790459.5387582092,790459.5387582092,780396.427650234,934311.830399933
2025-03-11 18:30:00+00:00,835408.8259117967,835408.8259117967,793169.5652474669,793169.5652474669,783071.958982375,935929.0705595696
2025-03-11 19:30:00+00:00,819059.735511101,819059.735511101,777646.7122048645,777646.7122048645,767746.6919252698,931731.4327071535
2025-03-12 13:30:00+00:00,864369.8893502122,864369.8893502122,820667.0174416808,820667.0174416808,810219.4039211221,928951.7792189559
2025-03-12 14:30:00+00:00,863313.686217583,863313.686217583,819664.1918648988,819664.1918648988,809229.3430261499,926733.2574615058
2025-03-12 15:30:00+00:00,873302.8382103808,873302.8382103808,829148.5200204162,829148.5200204162,818592.9478635864,930959.2725722641
2025-03-12 16:30:00+00:00,875413.7490074998,875413.7490074998,831152.7512826232,831152.7512826232,820571.6678355671,933877.473851191
2025-03-12 17:30:00+00:00,871191.9274132616,871191.9274132616,827144.2887582092,827144.2887582092,816614.2278916055,932217.1845999518
2025-03-12 18:30:00+00:00,870400.3071053394,870400.3071053394,826392.6747292787,826392.6747292787,815872.180944075,931751.2001471751
2025-03-12 19:30:00+00:00,872586.6240074998,872586.6240074998,828468.5012826232,828468.5012826232,817921.5848910765,929915.7274496998
2025-03-13 13:30:00+00:00,879484.8159096605,879484.8159096605,835018.077835968,835018.077835968,824387.7937455628,927831.8878502637
2025-03-13 14:30:00+00:00,875149.9139168626,875149.9139168626,830902.2496804503,830902.2496804503,820324.3547971073,922786.9735908759
2025-03-13 15:30:00+00:00,873498.1118386155,873498.1118386155,829333.9250649718,829333.9250649718,818775.9929400134,919237.0049288574
2025-03-13 16:30:00+00:00,869005.610511101,869005.610511101,825068.4622048645,825068.4622048645,814564.8239446037,917582.6019819801
2025-03-13 17:30:00+00:00,881708.8071053394,881708.8071053394,837129.6747292787,837129.6747292787,826472.5127220374,919189.7387833835
2025-03-13 18:30:00+00:00,874584.4544060593,874584.4544060593,830365.3669137267,830365.3669137267,819794.3058585639,918204.4417174162
2025-03-13 19:30:00+00:00,872360.4632103808,872360.4632103808,828253.7700204162,828253.7700204162,817709.5868820895,917932.9688744525
2025-03-14 13:30:00+00:00,901121.0188820726,901121.0188820726,855560.8475503235,855560.8475503235,844669.0803815362,924362.0432117996
2025-03-14 14:30:00+00:00,911714.0524132616,911714.0524132616,865618.5387582092,865618.5387582092,854598.7500959707,930172.528459403
2025-03-14 15:30:00+00:00,908585.360511101,908585.360511101,862647.9622048645,862647.9622048645,851665.985167472,928842.2236735916
2025-03-14 16:30:00+00:00,908811.5213082202,908811.5213082202,862862.6934670716,862862.6934670716,851877.9831764593,931207.5516189358
2025-03-14 17:30:00+00:00,906776.0166161425,906776.0166161425,860930.0574960022,860930.0574960022,849969.9471794992,929867.7584619139
2025-03-14 18:30:00+00:00,909113.0882103808,909113.0882103808,863149.0200204162,863149.0200204162,852160.6651604673,931677.8409808727
2025-03-14 19:30:00+00:00,915634.3071053394,915634.3071053394,869340.6747292787,869340.6747292787,858273.5080559246,932743.964912706
2025-03-17 13:30:00+00:00,901197.172721184,901197.172721184,855633.1527871399,855633.1527871399,844740.4652655389,936907.9541894409
2025-03-17 14:30:00+00:00,899387.7713082202,899387.7713082202,853915.1934670716,853915.1934670716,843044.3733614907,937902.4760607516
2025-03-17 15:30:00+00:00,892377.2467415697,892377.2467415697,847258.961228302,847258.961228302,836472.8664114928,937545.9592980503
2025-03-17 16:30:00+00:00,898482.3228676684,898482.3228676684,853055.5038613586,853055.5038613586,842195.6265004845,939998.8789665126
2025-03-17 17:30:00+00:00,908472.2801125414,908472.2801125414,862540.596573761,862540.596573761,851559.9861629785,943498.6822585205
2025-03-17 18:30:00+00:00,907450.012603081,907450.012603081,861569.991608551,861569.991608551,850601.7357525693,944284.4599632026
2025-03-17 19:30:00+00:00,900782.5254204638,900782.5254204638,855239.4606026916,855239.4606026916,844351.7842770373,941134.2328660663
2025-03-18 13:30:00+00:00,873340.5125038988,873340.5125038988,829184.2903603821,829184.2903603821,818628.262893059,937187.6854295693
2025-03-18 14:30:00+00:00,880238.7044060593,880444.5245798512,835733.8669137267,835748.2360775758,825094.4717475451,933509.7994667887
2025-03-18 15:30:00+00:00,886910.735511101,887117.440687029,842068.7122048645,842083.0813687136,831348.6825930441,934813.1326788816
2025-03-18 16:30:00+00:00,883254.3159096605,883460.5360849783,838597.077835968,838611.4469998172,827921.2376715502,933780.5694674406
2025-03-18 17:30:00+00:00,879361.9574501879,879567.6613291189,834901.4282998352,834915.7974636843,824272.629008229,934653.236052929
2025-03-18 18:30:00+00:00,875564.561217583,875769.7613962577,831295.9418648988,831310.3110287479,820713.0357856092,935976.6002709105
2025-03-18 19:30:00+00:00,871380.4139168626,871585.059095232,827323.2496804503,827337.6188442995,816790.9108711198,935288.6055028688
2025-03-19 13:30:00+00:00,882010.3740074998,883800.3850534523,837416.0012826232,837656.4796050764,826755.1947060452,940581.6230983504
2025-03-19 14:30:00+00:00,883932.8558190234,885726.6919382182,839241.3262337953,839482.3145660141,828557.2856145874,940638.0261938787
2025-03-19 15:30:00+00:00,889813.2666161425,891618.8027170267,844824.5574960022,845067.1058257796,834069.4495125556,941851.2198794731
2025-03-19 16:30:00+00:00,885543.1874153978,887340.227536973,840770.2761697082,841011.6917022445,830066.7739812235,938243.0031608576
2025-03-19 17:30:00+00:00,893665.7075798875,895478.9087045754,848482.3068551329,848725.8771880842,837680.6404194584,939519.3647992322
2025-03-19 18:30:00+00:00,891509.5301125414,893318.4411905374,846435.096573761,846678.0949004866,835659.4884960349,944269.7002746532
2025-03-19 19:30:00+00:00,886006.034804619,887803.995832261,841209.7325448303,841451.2708648421,830500.63664102,943783.5969606991
2025-03-20 13:30:00+00:00,896409.8916161425,898228.5527170267,851087.8074960022,851332.1058257796,840252.9763830337,948435.1830913008
2025-03-20 14:30:00+00:00,901988.735511101,904634.0209325006,856384.7122048645,856744.4402350447,845482.458296994,948234.785177126
2025-03-20 15:30:00+00:00,891811.097014702,894426.682469671,846721.4231271057,847077.1011618635,835942.1704800429,945182.6045824967
2025-03-20 16:30:00+00:00,888787.9506523974,891179.8393836241,843851.0581368713,844191.6248250436,833108.3415501433,942171.2766972455
2025-03-20 17:30:00+00:00,890221.1267922289,892616.8175559264,845211.805558136,845552.7524495553,834451.7684041447,941683.4162775116
2025-03-20 18:30:00+00:00,889964.0213082202,892359.0300040466,844967.6934670716,845308.5721517039,834210.763546522,942197.8089945191
2025-03-20 19:30:00+00:00,893168.1193154223,895229.3741281894,848009.8653115539,847711.7476396898,837214.2124500414,943446.4962168634
2025-03-21 13:30:00+00:00,878085.5753929979,881076.4960414936,833689.5510262756,834207.0463313393,823076.1773761247,935055.3497106135
2025-03-21 14:30:00+00:00,876733.097014702,879719.5327236225,832405.4231271057,832922.2008418373,821808.3947760931,937665.618201648
2025-03-21 15:30:00+00:00,884724.4186089403,887737.3542568256,839992.8856515198,840513.9033564858,829299.2786460423,941911.6643182947
2025-03-21 16:30:00+00:00,882575.833518303,885581.6442653704,837952.8840493468,838472.7617701819,827285.2436445886,941825.3025692225
2025-03-21 17:30:00+00:00,883526.4911110767,886535.4543239644,838855.4980630189,839375.8801783853,828176.3685409622,941336.8271624657
2025-03-21 18:30:00+00:00,880464.922721184,883463.733498769,835948.6527871399,836467.4105128578,825306.5236726078,941217.168258868
2025-03-21 19:30:00+00:00,886873.061217583,889893.1219570211,842032.9418648988,842555.0995845132,831313.3675635715,944316.8785648382
2025-03-24 13:30:00+00:00,908321.5254204638,911412.7111904194,862397.4606026916,862930.9983271889,851418.6721290122,956025.4407831631
2025-03-24 14:30:00+00:00,920082.347014702,923212.5327236225,873563.9231271057,874103.7008418373,862442.9999249489,956880.0970344095
2025-03-24 15:30:00+00:00,917896.0301125414,921018.9657985737,871488.096573761,872026.7142848305,860393.5959779471,955918.1694753123
2025-03-24 16:30:00+00:00,917736.1875756151,920858.5932094624,871336.332032135,871874.8649348549,860243.763204047,954810.4899917891
2025-03-24 17:30:00+00:00,918386.083518303,921510.6442653704,871953.3840493468,872492.2617701819,860852.9609414695,953342.691678716
2025-03-24 18:30:00+00:00,918235.2713082202,921359.3319484761,871810.1934670716,872348.9911708169,860711.592991428,957092.8825443314
2025-03-24 19:30:00+00:00,913975.7754204638,917085.7111904194,867765.9606026916,868302.4983271889,856718.8380179934,957401.4303192467
2025-03-25 13:30:00+00:00,904552.0254204638,909041.7776104099,858818.4606026916,860086.7709347956,847885.2282030247,958626.5723241431
2025-03-25 14:30:00+00:00,906674.9574807055,912202.3936394011,860834.1056069641,863088.0209909896,849875.2166347916,959525.683351616
2025-03-25 15:30:00+00:00,909680.0431893237,915225.8151939666,863687.3226784974,865948.4129587632,852692.1159169746,956853.3890265581
2025-03-25 16:30:00+00:00,906474.4497139818,912000.662453488,860643.7309426575,862897.167597435,849687.2651954911,956818.071200386
2025-03-25 17:30:00+00:00,910093.942755974,915642.240212277,864080.3049172668,866342.3834177474,853080.0959964943,956266.779262005
2025-03-25 18:30:00+00:00,909942.3828118212,915489.7555092131,863936.4043893127,866198.1210276107,852938.0271374705,955862.6449326738
2025-03-25 19:30:00+00:00,909565.409804619,915110.4823616301,863578.4825448303,865839.2991281967,852584.6611784416,957938.5775561014
2025-03-26 13:30:00+00:00,867874.7490074998,873165.4416206632,823994.7512826232,826156.0278879622,813504.7799835922,961061.6573689415
2025-03-26 14:30:00+00:00,868251.722014702,873435.682936364,824352.6731271057,825970.2909298479,813858.1459426213,958299.3113726738
2025-03-26 15:30:00+00:00,859732.672721184,865202.4721817438,816264.1527871399,817962.6117199344,805872.5820796768,957538.8359912194
2025-03-26 16:30:00+00:00,855397.7132103808,860839.912451214,812148.2700204162,813838.6788891238,801809.0892151459,954126.0972905956
2025-03-26 17:30:00+00:00,856792.409804619,862243.4889282648,813472.4825448303,815165.4813793582,803116.4462146171,955240.5416313709
2025-03-26 18:30:00+00:00,853927.610511101,859360.4497665827,810752.4622048645,812440.1410778445,800431.0482406538,952909.1258275748
2025-03-26 19:30:00+00:00,857207.0571053394,862660.7762436336,813866.1747292787,815559.943568079,803505.1272031189,954781.2341805571
2025-03-27 13:30:00+00:00,850535.083518303,855946.3229202691,807531.3840493468,809212.7629650515,797250.9702736952,955368.722498
2025-03-27 14:30:00+00:00,856076.2531197434,861788.6084847024,812792.5184182433,815942.1921293986,802445.1371581828,953851.2859466503
2025-03-27 15:30:00+00:00,848197.9544060593,853858.0594811013,805312.3669137267,808433.8254683268,795060.1983766516,953115.3221908227
2025-03-27 16:30:00+00:00,842064.2343132861,847683.6594566875,799488.627900055,802588.1192915692,789310.5880820458,950516.2991767784
2025-03-27 17:30:00+00:00,845483.909804619,851126.0148491435,802735.4825448303,805847.221082951,792516.1144366547,951961.6065358713
2025-03-27 18:30:00+00:00,849441.8963082202,855920.035973519,806493.4434670716,810819.7813034765,796226.2413421568,954853.8905045476
2025-03-27 19:30:00+00:00,840093.5524132616,846501.0122003255,797617.5387582092,801896.7566757909,787463.3155022089,951186.7228870232
2025-03-28 13:30:00+00:00,823875.6605828174,830160.5020074545,782219.2538766175,786416.726219248,772261.0310133895,941069.6592286621
2025-03-28 14:30:00+00:00,826711.8159096605,833018.1006097493,784912.077835968,789123.8456955663,774919.5787817383,939746.0314448136
2025-03-28 15:30:00+00:00,826184.0882103808,832486.3829278646,784411.0200204162,788620.1278916112,774424.8987887431,936787.3288776645
2025-03-28 16:30:00+00:00,825354.7936089403,831650.8182916341,783623.6356515198,787828.5634995213,773647.5368117398,934210.7968176004
2025-03-28 17:30:00+00:00,829425.860511101,835752.6652459798,787488.9622048645,791714.4100876561,777463.6627217353,935158.7553857489
2025-03-28 18:30:00+00:00,828634.297721184,834955.1176995931,786737.4027871399,790958.860832285,776721.6696902802,935004.9207747361
2025-03-28 19:30:00+00:00,826598.735511101,832904.1652459798,784804.7122048645,789015.9100876561,774813.5797772447,935148.6520275156
2025-03-31 13:30:00+00:00,783249.485511101,789227.1652459798,743646.2122048645,747638.9100876561,734178.9746283889,931349.7014765135
2025-03-31 14:30:00+00:00,793047.1600640184,799815.8558251999,752948.739655426,757413.875441075,743363.0928503834,936436.9619851923
2025-03-31 15:30:00+00:00,799006.0254204638,805825.3071191452,758606.4606026916,763104.793409825,748948.7982753757,938467.4734242143
2025-03-31 16:30:00+00:00,797045.8693154223,803848.5108773849,756745.3653115539,761232.7780289656,747111.3923373611,937186.5433108126
2025-03-31 17:30:00+00:00,810843.0008538134,818607.3462780227,769845.2283639221,775102.6209686015,760044.5109553153,941748.6049019386
2025-03-31 18:30:00+00:00,808505.1240074998,816247.1419170607,767625.5012826232,772868.008877537,757853.0381492897,943341.9484229713
2025-03-31 19:30:00+00:00,820039.784804619,828289.317244613,778577.2325448303,784773.820592326,768665.3679362393,944583.6072221966
2025-04-01 13:30:00+00:00,807675.8294060593,815767.7138158527,766838.1169137267,772309.219986864,757075.6761722864,935855.5356826892
2025-04-01 14:30:00+00:00,821102.0273278123,828841.295720022,779585.7922982482,785091.6287319316,769661.0900191424,945677.5812806383
2025-04-01 15:30:00+00:00,824789.3916161425,832563.3864792995,783086.8074960022,788617.099190916,773117.5417892719,944802.0154706136
2025-04-01 16:30:00+00:00,820275.0334465868,827831.6806600973,778800.592377594,783931.7394872454,768885.8846851604,942173.4730794702
2025-04-01 17:30:00+00:00,812123.1215813524,819605.1591757223,771060.6553658752,776140.9814306048,761244.4671323291,938701.6077693595
2025-04-01 18:30:00+00:00,818843.3527748949,826386.8966635152,777441.2648476867,782563.4865041522,767543.8596491229,941409.9227629013
2025-04-01 19:30:00+00:00,830443.6416161425,838093.3560751363,788455.3074960022,793649.8482366351,778417.7076782531,944361.6847622205
2025-04-02 13:30:00+00:00,821763.196799553,829333.4642904683,780213.5481118468,785353.9728017595,770280.855307369,944765.9948021297
2025-04-02 14:30:00+00:00,831197.5301125414,838854.1444662496,789171.096573761,794370.3372426776,779124.3856802355,948026.7438528094
2025-04-02 15:30:00+00:00,838000.702269829,845283.5466411641,795630.4554147033,800756.7931467197,785501.5251779447,947884.8575610985
2025-04-02 16:30:00+00:00,838623.4497139818,845911.6633098653,796221.7309426575,801351.8684335849,786085.2745277168,951303.4825660844
2025-04-02 17:30:00+00:00,824223.9321053394,831387.9954631857,782549.9247292787,787592.2020517491,772587.4928507286,944067.4573994096
2025-04-02 18:30:00+00:00,826674.1416161425,833859.3302715352,784876.3074960022,789933.5350290439,774884.2637522656,947594.2322651361
2025-04-02 19:30:00+00:00,832177.5794060593,839410.2177837421,790101.6169137267,795192.4242502352,780043.0616912049,949444.3767958719
2025-04-03 13:30:00+00:00,792748.6416161425,799641.3302715352,752665.3074960022,757515.5350290439,743083.2684183784,916228.5762681428
2025-04-03 14:30:00+00:00,776312.8715813524,783774.3250424167,737060.1553658752,741942.1294025226,727676.7498354482,917482.7105184043
2025-04-03 15:30:00+00:00,781523.0825798875,789034.2953182955,742007.0568551329,746921.5126422686,732560.6836213315,924630.9682513828
2025-04-03 16:30:00+00:00,776690.534804619,783736.1699861281,737418.7325448303,742041.3837427355,728030.7627873835,919410.6069798919
2025-04-03 17:30:00+00:00,773712.6551125414,780731.430522322,734591.346573761,739196.6179193712,725239.3658089266,917459.7802879792
2025-04-03 18:30:00+00:00,774040.6227791675,781944.6015926423,734902.7396706849,740788.3074225269,725546.7952716035,914171.6203871361
2025-04-03 19:30:00+00:00,769076.186217583,776803.2775587314,730189.1918648988,735828.3894234074,720893.2448764633,911919.5379092935
2025-04-04 13:30:00+00:00,713255.8822930224,720427.6582350008,677189.8901681213,682421.8564339053,668568.5562310162,881184.770742502
2025-04-04 14:30:00+00:00,716981.6686089403,723593.3843394155,680727.3856515198,685804.2697282241,672061.0239396002,880541.7578824206
2025-04-04 15:30:00+00:00,707406.4161827929,714574.3024652832,671636.0397347717,676983.7745314789,663085.3991816834,875709.8048435324
2025-04-04 16:30:00+00:00,709443.4163430101,716631.8374460571,673570.0955971985,678933.2315093231,664994.8369966072,872383.164326114
2025-04-04 17:30:00+00:00,708764.186217583,715945.7600611085,672925.1918648988,678283.1923323823,664358.1420606639,868065.1647277883
2025-04-04 18:30:00+00:00,717471.722014702,724741.0757654541,681192.6731271057,686616.5085250092,672520.3889031229,869777.3764548177
2025-04-04 19:30:00+00:00,711101.2578118212,718306.3914697998,675144.1543893127,680519.8247176361,666548.860041632,861767.2583368958
2025-04-07 13:30:00+00:00,705748.5747139818,712899.7484415405,670061.9809426575,675397.1813231659,661531.3761366588,845817.3063322402
2025-04-07 14:30:00+00:00,707784.0794060593,714597.5045696408,671994.6169137267,677338.8691993715,663439.4121336187,837262.8368437671
2025-04-07 15:30:00+00:00,722786.7308190234,730450.2146469714,686239.0762337953,692508.9550754501,677502.5577786233,847043.7661664714
2025-04-07 16:30:00+00:00,740600.6322625049,748453.1480728748,703152.7128609925,709576.1801883652,694200.905531272,855393.5328316094
2025-04-07 17:30:00+00:00,734396.797721184,742183.4816223742,697262.4027871399,703632.381688304,688385.5715405938,854371.9515312914
2025-04-07 18:30:00+00:00,728667.1416161425,736393.0253464342,691822.3074960022,698142.8862583113,683014.7216765917,848027.7454031038
2025-04-07 19:30:00+00:00,736658.4632103808,744469.14674536,699409.7700204162,705799.248624034,690505.6055465408,853493.9257731749
2025-04-08 13:30:00+00:00,789582.2754204638,797954.5592972399,749658.9606026916,756504.7394840193,740115.1884604071,885111.0236072432
2025-04-08 14:30:00+00:00,769453.1017067798,777611.7851196887,730547.0590981751,737219.2876026108,721246.5569194168,870764.5184818535
2025-04-08 15:30:00+00:00,765872.0882103808,773992.77174536,727147.0200204162,733788.373624034,717889.7959729437,871824.931819903
2025-04-08 16:30:00+00:00,744725.1909096605,752621.4744202257,707068.827835968,713527.8564197493,698067.173391511,854779.512216893
2025-04-08 17:30:00+00:00,749624.8046791918,757573.080377257,711720.8288125305,718222.1010486556,702659.9603695279,853786.3081749171
2025-04-08 18:30:00+00:00,726179.2578118212,734025.505551165,689460.1543893127,696105.7728392782,680682.6357455817,848255.290601575
2025-04-08 19:30:00+00:00,729119.4632103808,736997.3009002861,692251.7700204162,698924.2984282675,683438.7176945659,847080.8410984231
2025-04-09 13:30:00+00:00,753767.4814980394,762881.3779014933,715654.1463174133,722568.1540592045,706543.2117935593,848342.6187588262
2025-04-09 14:30:00+00:00,747656.3659813768,757040.7255443217,709851.8695077209,716862.2662962385,700814.7905166368,848526.148457516
2025-04-09 15:30:00+00:00,749700.958518303,758598.3162577692,711793.1340493468,718400.7628258448,702731.3452535307,849802.6858064685
2025-04-09 16:30:00+00:00,802700.1193154223,812223.1469462459,762113.8653115539,769185.4740074856,752411.5582263423,888381.8760161563
2025-04-09 17:30:00+00:00,844616.9409096605,854634.808323199,801912.327835968,809350.8963707668,791703.4374301787,908040.5511900262
2025-04-09 18:30:00+00:00,850346.597014702,861417.6232537167,807352.4231271057,815491.6322834865,797074.2872941808,908826.4167499974
2025-04-09 19:30:00+00:00,861353.5301125414,873139.7799729349,817803.096573761,826329.0793815254,807391.9370881352,912638.3698837692
2025-04-10 13:30:00+00:00,822376.9139168626,833630.6539658547,780796.2496804503,788939.6526237128,770856.1398332828,891744.0979256136
2025-04-10 14:30:00+00:00,813443.159804619,824574.8443192483,772313.9825448303,780369.6951041817,762481.8410657613,886074.0932850973
2025-04-10 15:30:00+00:00,784455.7531197434,795191.403294468,744791.5184182433,752562.7014518378,735309.7025644211,867354.8547163443
2025-04-10 16:30:00+00:00,802700.1193154223,813432.7175676074,762113.8653115539,769616.3881278343,752411.5582263423,878916.6107467752
2025-04-10 17:30:00+00:00,817582.0979531176,828531.2442795894,776243.7503213196,784352.896926658,766361.5879448832,893891.9840307198
2025-04-10 18:30:00+00:00,802473.958518303,813108.3190223717,761899.1340493468,769353.111618297,752199.5602173551,885753.8607567467
2025-04-10 19:30:00+00:00,811973.0571053394,822733.4170600916,770918.1747292787,778460.3519137074,761103.8000912693,890463.1678122118
2025-04-11 13:30:00+00:00,811973.0571053394,822733.4170600916,770918.1747292787,778460.3519137074,761103.8000912693,883664.8376952606
2025-04-11 14:30:00+00:00,819059.735511101,829914.0957099939,777646.7122048645,785254.6895601917,767746.6919252698,885940.465390551
2025-04-11 15:30:00+00:00,825090.958518303,836025.3190223717,783373.1340493468,791037.111618297,773400.2237732799,893843.1364900441
2025-04-11 16:30:00+00:00,827352.6240074998,838316.9840538048,785520.5012826232,793205.4785311389,775520.257779227,897433.3428744177
2025-04-11 17:30:00+00:00,831951.4186089403,842976.7787162805,789886.8856515198,797614.5629427601,779831.0636822178,903240.3139104617
2025-04-11 18:30:00+00:00,830142.0747139818,841143.435034945,788168.9809426575,795879.8583834339,778135.025694245,905531.9312683475
2025-04-11 19:30:00+00:00,834514.708518303,845494.7568957246,792320.6340493468,800042.99789559,782233.8335882485,904176.8512910423
2025-04-14 13:30:00+00:00,848665.4032357103,859831.2745043673,805756.1921853332,813608.0689557708,795498.3743224907,913723.1191368675
2025-04-14 14:30:00+00:00,839366.0646813279,850145.4023253011,796926.8162240294,804180.8644079134,786781.3849788951,909523.6363233826
2025-04-14 15:30:00+00:00,829538.9409096605,840191.8385740805,787596.327835968,794765.6481985019,777569.6617262289,906178.1069188324
2025-04-14 16:30:00+00:00,832629.958518303,843361.3770731215,790531.1340493468,797993.2428162127,780467.1116252547,909314.8921567542
2025-04-14 17:30:00+00:00,838359.5571053394,849749.2009274518,795971.1747292787,804388.5520428756,785837.9075731816,913495.3103725293
2025-04-14 18:30:00+00:00,839490.4186089403,851876.0512435175,797044.8856515198,806579.5387222031,786897.9515341928,914929.987241655
2025-04-14 19:30:00+00:00,834590.0571053394,847337.5604128672,792392.1747292787,802510.5075284126,782304.4636471941,911510.2201179124
2025-04-15 13:30:00+00:00,836964.860511101,850107.2559459169,794646.9622048645,805210.8442913888,784530.5505737102,912297.2277966404
2025-04-15 14:30:00+00:00,844616.9409096605,858472.276768815,801912.327835968,812745.0223133173,791703.4374301787,912480.4939294631
2025-04-15 15:30:00+00:00,853927.610511101,869327.4157690721,810752.4622048645,822826.7028030924,800431.0482406538,913735.2431667474
2025-04-15 16:30:00+00:00,843185.317755974,858647.8971520787,800553.0549172668,813438.8743764791,790361.4663102168,909712.0859182556
2025-04-15 17:30:00+00:00,845295.4808190234,861517.6485528782,802556.5762337953,815836.3467162328,792339.4853732159,908544.3134170665
2025-04-15 18:30:00+00:00,845974.7109444506,863604.9104273496,803201.479966095,817208.6438224248,792976.1803091592,909236.1738178236
2025-04-15 19:30:00+00:00,845144.6686089403,863260.6115310334,802413.3856515198,817730.1448453448,792198.117423174,908041.693308783
2025-04-16 13:30:00+00:00,795538.034804619,813783.0181341715,755313.7325448303,770693.9662246435,745697.9824173208,903457.1407636767
2025-04-16 14:30:00+00:00,792937.8758538134,811123.1924505777,752844.9783639221,768175.2023544043,743260.6523068749,908650.9697378943
2025-04-16 15:30:00+00:00,783437.972014702,801519.1620125595,743825.1731271057,759696.0021544477,734355.6576079034,903288.8978852704
2025-04-16 16:30:00+00:00,783588.7267067798,801537.0042506639,743968.3090981751,759378.4405170374,734496.9716418697,902823.7919853836
2025-04-16 17:30:00+00:00,770395.4767067798,788874.2115228121,731441.8090981751,746853.367832604,722129.9179009136,895035.859893305
2025-04-16 18:30:00+00:00,761499.4544060593,779764.6091668549,722995.3669137267,738229.9256023791,713790.98807894,886574.5170111561
2025-04-16 19:30:00+00:00,787848.2801125414,806830.4555570247,748012.596573761,765007.8130890033,738489.7805313796,892273.5138970375
2025-04-17 13:30:00+00:00,757654.6058190234,776693.1007958334,719344.8262337953,736276.8940114931,710186.9140940073,878190.7503491808
2025-04-17 14:30:00+00:00,756924.8173668748,775539.4885770163,718651.9192513732,735265.292883842,709502.8269276723,880487.5511691167
2025-04-17 15:30:00+00:00,763233.4497139818,782581.4045204844,724641.7309426575,741839.5255061155,715416.3960079675,884544.4448485788
2025-04-17 16:30:00+00:00,760189.194243706,779772.1561803226,721751.323639801,739692.91985919,712562.7798783481,882254.4088858948
2025-04-17 17:30:00+00:00,770179.151488579,790424.484505344,731236.4163522033,750288.2084923903,721927.1395408422,885448.3879169459
2025-04-17 18:30:00+00:00,763082.6375038988,783507.9033624303,724498.5403603821,743840.878593375,715275.0280579258,881780.3417465315
2025-04-17 19:30:00+00:00,764552.797721184,785041.0054565786,725894.4027871399,745380.9157673373,716653.1229484935,880530.7759712974
2025-04-21 13:30:00+00:00,722522.8382103808,741739.2452011158,685988.5200204162,704305.9754312884,677255.1908240878,863805.5888966377
2025-04-21 14:30:00+00:00,722937.485511101,741731.9321833552,686382.2122048645,704622.810551726,677643.8718125895,858079.356871171
2025-04-21 15:30:00+00:00,722259.0031197434,740899.4608558986,685738.0184182433,703823.3190140444,677007.877785628,856515.7962931043
2025-04-21 16:30:00+00:00,719006.647506035,738261.5305210842,682650.0277718811,701339.0033279597,673959.1932947381,854059.8016895275
2025-04-21 17:30:00+00:00,720675.7625038988,740094.3491015813,684234.7903603821,703811.3307010368,675523.7838905668,853405.104076011
2025-04-21 18:30:00+00:00,720751.1686089403,740500.9059593858,684306.3856515198,704584.2806784596,675594.4678655877,853829.7086876758
2025-04-21 19:30:00+00:00,729798.0031197434,750514.0366456769,692896.0184182433,713540.046137905,684074.7656376029,858293.2844998495
2025-04-22 13:30:00+00:00,746534.534804619,767579.7226595238,708786.7325448303,729736.0306518745,699763.2113794838,873773.5621295911
2025-04-22 14:30:00+00:00,745592.159804619,767290.8376315923,707891.9825448303,729332.8640539546,698879.850397987,876408.1665356745
2025-04-22 15:30:00+00:00,751284.1416161425,774042.4219469903,713296.3074960022,736044.3666902097,704215.3852325163,882430.2951744428
2025-04-22 16:30:00+00:00,739636.4004204638,762580.2941391693,702237.2106026916,724894.819698652,693297.0564410733,873190.3787213084
2025-04-22 17:30:00+00:00,742501.1997139818,765675.73732238,704957.2309426575,729036.9544651783,695982.4544150365,878278.9570593218
2025-04-22 18:30:00+00:00,736620.7889168626,760351.7950269835,699373.9996804503,723970.9733773477,690470.2905170681,878336.3265630291
2025-04-22 19:30:00+00:00,745479.0794060593,769599.9236936799,707784.6169137267,733355.5887941532,698773.8513934932,881262.7862391206
2025-04-23 13:30:00+00:00,785473.4767067798,811135.8242940694,745757.8090981751,773605.7344193881,736263.6936048635,905170.933885908
2025-04-23 14:30:00+00:00,777572.6309349901,803747.7623133232,738256.250000885,766269.5371805289,728857.6197217241,896836.0147646083
2025-04-23 15:30:00+00:00,779253.8247139818,806946.6761198698,739852.4809426575,768833.8703806858,730433.5326934143,892539.8032779511
2025-04-23 16:30:00+00:00,783777.2132103808,811843.9764522522,744147.2700204162,773890.2406345118,734673.6546213841,895043.6790140247
2025-04-23 17:30:00+00:00,781930.1375038988,810214.8625011756,742393.5403603821,772234.1955219725,732942.2476878631,891352.9661790523
2025-04-23 18:30:00+00:00,772167.1463082202,801438.4153019965,733123.9434670716,763643.6160317977,723790.6408594138,889145.4263327252
2025-04-23 19:30:00+00:00,773034.172721184,802365.3481059961,733947.1527871399,765936.5863181042,724603.3717819653,890360.2014135213
2025-04-24 13:30:00+00:00,794397.395240105,824804.9696087288,754230.7377175599,787105.2645787473,744628.7727234694,895551.5704396472
2025-04-24 14:30:00+00:00,794218.7443154223,825376.1153209753,754061.1153115539,786938.0553333701,744461.3093928705,895739.8443239422
2025-04-24 15:30:00+00:00,797263.747519768,829991.7094523866,756952.2325600891,790108.0349888024,747315.6264314719,899026.1592637164
2025-04-24 16:30:00+00:00,801380.7713082202,835322.5219493726,760861.1934670716,795003.3472215616,751174.8312858166,899353.1566493188
2025-04-24 17:30:00+00:00,801680.0950081713,836142.0151061366,761145.3901833801,795507.6587802817,751455.4105428789,899717.3168221617
2025-04-24 18:30:00+00:00,797083.5436089403,831636.0840103865,756781.1356515198,791105.5632857423,747146.7073668338,899747.7147521506
2025-04-24 19:30:00+00:00,802021.5794060593,836817.5185248852,761469.6169137267,796649.6821164411,751775.5102833052,901636.5156100399
2025-04-25 13:30:00+00:00,810774.3818734057,846408.6293155705,769780.0771950989,806421.4972160544,759980.189077207,894504.8625266795
2025-04-25 14:30:00+00:00,819210.547721184,855768.8504671819,777789.9027871399,815530.552396612,767888.0598753116,896487.4049779158
2025-04-25 15:30:00+00:00,825354.7936089403,862833.0672732592,783623.6356515198,821984.2316775153,773647.5368117398,899832.4951060212
2025-04-25 16:30:00+00:00,843410.7308190234,882574.8403606674,800767.0762337953,840622.8408041934,790572.7634102221,902572.7894247534
2025-04-25 17:30:00+00:00,835607.8382103808,874698.900958892,793358.5200204162,833128.291037157,783258.5086037117,900899.4097354554
2025-04-25 18:30:00+00:00,834853.9497139818,875305.9967309062,792642.7309426575,833668.3033596314,782551.8306017293,901311.7146066623
2025-04-25 19:30:00+00:00,836550.2132103808,877876.9112082974,794253.2700204162,836135.9544257978,784141.8695852086,901884.9703672895
2025-04-28 13:30:00+00:00,818194.2620842821,859605.3212636433,776824.9773873596,818504.9807222721,766935.4167367576,906099.3885799018
2025-04-28 14:30:00+00:00,803680.1686089403,845115.133166333,763044.3856515198,804056.4200004303,753330.2342373119,901309.4303691486
2025-04-28 15:30:00+00:00,803310.0402443773,845597.0619834973,762692.9625405578,804398.1380618208,752983.2842912711,898687.0378482342
2025-04-28 16:30:00+00:00,801267.6909096605,843574.0913595158,760753.827835968,802985.9795039714,751068.8322813229,897277.4875917583
2025-04-28 17:30:00+00:00,808957.5031197434,851939.362152714,768055.0184182433,811060.1514926865,758277.0880833396,901679.6525569315
2025-04-28 18:30:00+00:00,815667.208518303,859772.287526119,774425.6340493468,818573.5843222514,764566.6139583113,904439.0993286626
2025-04-28 19:30:00+00:00,819059.735511101,864201.4508727633,777646.7122048645,822050.4938877977,767746.6919252698,904760.7375416368
2025-04-29 13:30:00+00:00,818230.4409096605,864428.8597969242,776859.327835968,822339.4433032173,766969.3299482665,905014.8150373816
2025-04-29 14:30:00+00:00,820339.85623864,868002.7100781605,778862.1392068176,824566.6580531724,768946.6481022836,910404.1220295908
2025-04-29 15:30:00+00:00,820831.4051125414,868899.8727471613,779328.846573761,825144.7463774201,769407.4148837699,911100.463050086
2025-04-29 16:30:00+00:00,819775.9497139818,868477.2902214912,778326.7309426575,824891.8074043287,768418.0548977795,910110.1582326468
2025-04-29 17:30:00+00:00,829162.7731545336,878519.4824456249,787239.1705483703,834592.2583372014,777217.0505922574,912543.2226057985
2025-04-29 18:30:00+00:00,824789.3916161425,875394.203043565,783086.8074960022,831070.2949913719,773117.5417892719,912805.9099198637
2025-04-29 19:30:00+00:00,821170.6463082202,872312.687876301,779650.9434670716,828031.6036791151,769725.4118972508,911331.4346048278
2025-04-30 13:30:00+00:00,799043.6997139818,848333.3478609881,758642.2309426575,805592.1305634858,748984.1133048484,901051.7508065555
2025-04-30 14:30:00+00:00,801983.9051125414,851720.0977861206,761433.846573761,808557.784242036,751740.1952538326,905404.3653887413
2025-04-30 15:30:00+00:00,799571.4274132616,849891.8256815799,759143.2887582092,806138.1497400013,749478.7932978437,904848.1535541769
2025-04-30 16:30:00+00:00,802700.1193154223,853217.2280177005,762113.8653115539,809292.5716989246,752411.5582263423,907687.6364941734
2025-04-30 17:30:00+00:00,808165.8828118212,859688.3260875272,767303.4043893127,814930.735412434,757535.041135809,908100.380641825
2025-04-30 18:30:00+00:00,808618.2044060593,859619.941288705,767732.8669137267,815180.8448534639,757959.0371537833,906556.1482273351
2025-04-30 19:30:00+00:00,820077.5166161425,872516.6844714555,778613.0574960022,827122.9071193807,768700.7368817875,913308.793594014
2025-05-01 13:30:00+00:00,854417.6639168626,909352.809461305,811217.7496804503,862753.7251304747,800890.4132041762,921965.7902047327
2025-05-01 14:30:00+00:00,861918.9321053394,918299.433209319,818339.9247292787,871105.5603506919,807921.9321106032,923586.9838523736
2025-05-01 15:30:00+00:00,856843.71586541,913463.2023860748,813521.1957406311,866857.9087893682,803164.5393539906,918569.0411667041
2025-05-01 16:30:00+00:00,856187.7805321581,913156.3591367258,812898.4095467834,866514.2450843336,802549.6804286372,920256.7412681067
2025-05-01 17:30:00+00:00,856980.8963082202,914860.6753415616,813651.4434670716,867450.5595456905,803293.1291941317,920437.9867292829
2025-05-01 18:30:00+00:00,851929.7801125414,910088.032827508,808855.596573761,862821.9181043619,798558.3272731665,920970.3897805322
2025-05-01 19:30:00+00:00,840847.4409096605,899615.99356643,798333.327835968,852522.6482355944,788169.9935041913,916348.2351717404
2025-05-02 13:30:00+00:00,858752.5659096605,918772.74356643,815333.577835968,870674.7732355944,804953.8521526317,927847.877512859
2025-05-02 14:30:00+00:00,864369.8893502122,924993.6946970427,820667.0174416808,877761.9387528191,810219.4039211221,924131.0716570579
2025-05-02 15:30:00+00:00,865085.3558190234,927317.6449669647,821346.3262337953,878499.2570125029,810890.06598465,929818.7352106603
2025-05-02 16:30:00+00:00,862216.7603371508,925124.7448943612,818622.7015542297,875746.8714773889,808201.1095497017,928933.0660424021
2025-05-02 17:30:00+00:00,865500.0031197434,929072.5170284562,821740.0184182433,879894.0716581471,811278.7469731515,929514.0530684601
2025-05-02 18:30:00+00:00,863012.1193154223,927948.4076567335,819377.8653115539,878297.254982927,808946.6610421417,930099.6964248344
2025-05-02 19:30:00+00:00,862408.985511101,926973.0296594168,818805.2122048645,877183.8251162486,808381.2970741256,929108.2494886382
2025-05-05 13:30:00+00:00,853776.8558190234,918675.891852205,810609.3262337953,868976.0310739437,800289.7342066877,928268.8800576753
2025-05-05 14:30:00+00:00,858864.8985741503,924606.9107649769,815440.2335213928,874817.6298245628,805059.1502481435,929863.1021315977
2025-05-05 15:30:00+00:00,857847.922721184,923808.6979709812,814474.6527871399,874021.8005388866,804105.8601166831,931618.5386608078
2025-05-05 16:30:00+00:00,860448.8294060593,927529.5497917214,816944.1169137267,877025.0766315103,806543.8911361109,929967.474214912
2025-05-05 17:30:00+00:00,862265.765677727,931018.4217609387,818669.2303017883,879580.2081771698,808247.0460460539,931645.2466686593
2025-05-05 18:30:00+00:00,862288.3702538378,931580.7657361329,818690.6925057678,880543.1924459996,808268.2350637375,928838.3580408762
2025-05-05 19:30:00+00:00,858036.3517067798,926960.4521819837,814653.5590981751,875652.0720042018,804282.4891801222,927242.4667164631
2025-05-06 13:30:00+00:00,849328.8159096605,918370.4802363404,806386.077835968,867761.0941895385,796120.2423376631,923187.5058533587
2025-05-06 14:30:00+00:00,852457.5078118212,921711.6842287289,809356.6543893127,870402.1579629828,799053.0072661617,923753.2060591333
2025-05-06 15:30:00+00:00,852064.7173531421,922378.9901909586,808983.7144631654,871432.1726670701,798684.814386362,922125.0718436625
2025-05-06 16:30:00+00:00,851326.6463082202,921938.6727649465,808282.9434670716,871253.8790189509,797992.9633051505,920014.260670508
2025-05-06 17:30:00+00:00,857056.3024132616,927782.5426766566,813723.0387582092,876658.1482981907,803363.8131691525,920328.0797627626
2025-05-06 18:30:00+00:00,861202.7754204638,932632.9682262604,817659.9606026916,881546.833273426,807250.6230541689,920340.2037926426
2025-05-06 19:30:00+00:00,855284.6328118212,927046.995176705,812040.9043893127,875959.9262298399,801703.0902106523,918121.4184693254
2025-05-07 13:30:00+00:00,855550.7686226733,928565.219153771,812293.5904397279,876947.18820332,801952.5598921336,923514.766804828
2025-05-07 14:30:00+00:00,854153.7713082202,927671.8539481388,810967.1934670716,876277.3906038321,800643.0462496411,922862.5291394029
2025-05-07 15:30:00+00:00,857055.5546791918,930997.4361156797,813722.3288125305,880010.3780194706,803363.1122601706,923229.4128262046
2025-05-07 16:30:00+00:00,859054.1328118212,932731.3677309887,815619.9043893127,881976.7740891397,805236.5341366398,926436.8337164703
2025-05-07 17:30:00+00:00,851930.5278466112,926266.2840923626,808856.3065194397,875252.6202101186,798559.0281821485,921088.9065653731
2025-05-07 18:30:00+00:00,853701.4497139818,928164.822619463,810537.7309426575,876670.453800535,800219.0502316667,921057.8936483613
2025-05-07 19:30:00+00:00,882236.534804619,960501.3178742807,837630.7325448303,906045.0001385175,826967.1927150325,924368.7202137625
2025-05-08 13:30:00+00:00,883895.1240074998,962323.6838856947,839205.5012826232,908815.7822107802,828521.9166690389,929649.8773452311
2025-05-08 14:30:00+00:00,884045.936217583,962736.6243608473,839348.6918648988,910209.5884954829,828663.284619081,933140.0165554506
2025-05-08 15:30:00+00:00,890000.9478676684,969511.061624478,845002.7538613586,916679.8316596238,834245.3776670127,937227.0445990346
2025-05-08 16:30:00+00:00,888907.8181755906,969512.1105216492,843964.8678902892,915866.829591989,833220.7026515495,937637.9437856176
2025-05-08 17:30:00+00:00,889436.2936089403,971460.2542879672,844466.6356515198,917803.3557880105,833716.0835535267,935558.2333847638
2025-05-08 18:30:00+00:00,893699.5856850512,976605.4094806544,848514.4728554992,922887.6365291375,837712.3969879462,937102.0265228089
2025-05-08 19:30:00+00:00,884875.2308190234,967915.7197494888,840136.0762337953,914465.7682355237,829440.6465960842,930534.4043947324
2025-05-09 13:30:00+00:00,875538.9081871873,958847.7676533853,831271.5852669982,905317.0205903187,820688.9892159222,929173.0866919092
2025-05-09 14:30:00+00:00,877392.771018303,961792.9401791373,833031.7590493468,908231.8454117212,822426.7582463559,928458.03249486
2025-05-09 15:30:00+00:00,876695.422721184,961716.9170563241,832369.6527871399,907814.9962113409,821773.0797466204,926887.7070595415
2025-05-09 16:30:00+00:00,877788.5524132616,962676.3612471271,833407.5387582092,908381.1506994298,822797.7547620835,927360.280658992
2025-05-09 17:30:00+00:00,878919.4139168626,964380.3702842679,834481.2496804503,911101.839066718,823857.7987230947,927546.2703057734
2025-05-09 18:30:00+00:00,880014.03907708,966009.8411588419,835520.5555428772,912644.3704923339,824883.8755565218,928496.0738349905
2025-05-09 19:30:00+00:00,879226.2149575121,966665.9517464512,834772.5458535461,913039.8999871282,824145.3870699763,927530.9834854899
2025-05-12 13:30:00+00:00,911186.3247139818,1003449.62510491,865117.4809426575,946468.1352331317,854104.0701029755,948689.3484423346
2025-05-12 14:30:00+00:00,917152.6674111254,1011003.7686108815,870782.3013467102,952854.8227675898,859696.7846177869,948924.3613403694
2025-05-12 15:30:00+00:00,922580.0088799364,1018120.6903507542,875935.3601388244,959633.5429693218,864784.2515887991,948494.5732666546
2025-05-12 16:30:00+00:00,924767.8212502367,1022130.9088893727,878012.6065835266,963593.8886246518,866835.0573537647,951447.8288058868
2025-05-12 17:30:00+00:00,925321.9497139818,1024356.8222380516,878538.7309426575,965400.1451284443,867354.4848254285,952769.6994839556
2025-05-12 18:30:00+00:00,924191.0882103808,1023251.7367833433,877465.0200204162,965468.770354552,866294.4408644171,952186.6917862509
2025-05-12 19:30:00+00:00,927244.3740074998,1027119.8832027556,880364.0012826232,970228.4430212746,869156.5218178948,953919.8130720587
2025-05-13 13:30:00+00:00,974174.6375038988,1079548.9060793992,924922.5403603821,1020559.009275954,913147.8879132237,950986.1492622703
2025-05-13 14:30:00+00:00,978811.1639168627,1085907.093291512,929324.7496804504,1025682.8490320707,917494.0627617626,950590.5368959707
2025-05-13 15:30:00+00:00,983560.7707283861,1091257.0759204917,933834.3246316223,1030892.8988818191,921946.2366147952,949429.7928179004
2025-05-13 16:30:00+00:00,986387.8957283861,1095650.138040317,936518.5746316223,1035656.5991394867,924596.3195592858,950887.1363515842
2025-05-13 17:30:00+00:00,983447.6903298266,1092723.3678481479,933726.9590005188,1033443.7971226963,921840.2376103016,949601.813473733
2025-05-13 18:30:00+00:00,981713.6375038988,1092415.9209056278,932080.5403603821,1032437.7747563372,920214.7757651986,950069.6428875785
2025-05-13 19:30:00+00:00,978886.5125038988,1089860.4578245282,929396.2903603821,1030765.6956599382,917564.692820708,947589.7516453979
2025-05-14 13:30:00+00:00,1000146.547721184,1115150.9113205306,949581.9027871399,1054521.7718568663,937493.3683227098,949509.3897097209
2025-05-14 14:30:00+00:00,1011417.3159096605,1127872.0901264723,960283.077835968,1066509.1264980151,948058.331155124,947996.6094886875
2025-05-14 15:30:00+00:00,1017561.6193154223,1135004.3158465712,966116.8653115539,1073992.3984967528,953817.8620076277,946604.6302900085
2025-05-14 16:30:00+00:00,1013716.7707283861,1131295.250324055,962466.3246316223,1070437.1753184807,950213.7880226949,944399.4625364841
2025-05-14 17:30:00+00:00,1014470.6017067797,1133301.156842347,963182.059098175,1071248.0686047247,950920.4121086018,944965.9534398597
2025-05-14 18:30:00+00:00,1016958.485511101,1136597.217685011,965544.2122048645,1074098.401194224,953252.4980396116,945725.4624131352
2025-05-14 19:30:00+00:00,1020404.6192849047,1140575.8735183377,968816.188004425,1078678.1814665147,956482.8257889649,945632.1600962332
2025-05-15 13:30:00+00:00,1004745.3423226244,1123153.3768381777,953948.2871560364,1063462.8342401518,941804.1742257006,942824.3929155603
2025-05-15 14:30:00+00:00,1013151.2536995775,1133338.7473719812,961929.3872536926,1073279.4447135134,949683.685168076,947549.2503571756
2025-05-15 15:30:00+00:00,1019420.7162850267,1141337.7862116597,967882.0087136535,1081059.209406696,955560.5374009347,948412.9557031876
2025-05-15 16:30:00+00:00,1026985.3693154223,1151352.6502510048,975064.3653115539,1089116.4744592046,962651.4718225964,950116.2061907406
2025-05-15 17:30:00+00:00,1020501.8247139818,1144273.7282743012,968908.4809426575,1082576.8594353697,956573.9439566119,949833.4878707867
2025-05-15 18:30:00+00:00,1008250.9497139818,1131209.589509292,957276.7309426575,1070495.8229048594,945090.2511971527,951010.6608878972
2025-05-15 19:30:00+00:00,1017033.8340981371,1142176.7136468277,965615.7528847961,1080962.0027661119,953323.128098557,952041.3791382697
2025-05-16 13:30:00+00:00,1020991.8781197435,1147644.8499013833,969373.7684182434,1085244.0661895617,957033.3089201344,952801.1516774122
2025-05-16 14:30:00+00:00,1016770.0565255053,1143377.7106892623,965365.3058938293,1081504.2838396183,953075.8689761726,952428.9088179825
2025-05-16 15:30:00+00:00,1016242.2713082201,1144560.2181211913,964864.1934670715,1081247.7524211502,952581.1350671019,954363.3944261442
2025-05-16 16:30:00+00:00,1023983.2745430834,1153422.6196743601,972213.9880227356,1090000.8875431072,959837.3761763411,956834.4122841373
2025-05-16 17:30:00+00:00,1018051.672721184,1146955.8974238837,966582.1527871399,1083964.0782442726,954277.2269711503,957933.5698046292
2025-05-16 18:30:00+00:00,1018393.2146370775,1147340.6587306464,966906.4341286926,1084327.7281923927,954597.3806276523,958802.1950468242
2025-05-16 19:30:00+00:00,1020200.3153298266,1150828.1428485366,968622.2090005188,1086785.6749993563,956291.3158886794,959331.43530767
2025-05-19 13:30:00+00:00,1019936.422721184,1151130.995481705,968371.6527871399,1086780.4855486155,956043.948934144,958199.2441985199
2025-05-19 14:30:00+00:00,1017222.3781197435,1149828.2521185512,965794.7684182434,1084391.830621292,953499.864994147,957163.2546308084
2025-05-19 15:30:00+00:00,1019484.1011269457,1154239.1048185816,967942.1902627258,1088688.051601028,955619.9529161697,961131.5901789735
2025-05-19 16:30:00+00:00,1019860.9590981371,1154104.0252299681,968300.0028847961,1088330.364714128,955973.2110430476,962863.8329118915
2025-05-19 17:30:00+00:00,1018428.6457283861,1153139.0889557174,966940.0746316223,1087188.291395643,954630.5929301792,960848.6082931526
2025-05-19 18:30:00+00:00,1018692.423301018,1153437.7499664596,967190.5216225891,1087469.878065565,954877.8520525636,960565.0114203091
2025-05-19 19:30:00+00:00,1021481.9315255053,1157345.9360337588,969839.0558938293,1090786.394426343,957492.673883657,962470.5047831055
2025-05-20 13:30:00+00:00,1002332.8071053392,1137378.1292034506,951657.6747292785,1071598.4735434316,939542.7183536361,960279.1303099517
2025-05-20 14:30:00+00:00,1008552.4590981371,1145556.0792949584,957563.0028847961,1078442.1242586111,945372.8792650852,960950.2568625085
2025-05-20 15:30:00+00:00,1010886.5397560961,1148574.9777146908,959779.1256264953,1081675.957636344,947560.7936101257,959231.807409961
2025-05-20 16:30:00+00:00,1011040.3429024584,1148838.4827064483,959925.1559914856,1082057.8665079272,947704.965196095,960234.6755337253
2025-05-20 17:30:00+00:00,1006102.3071053392,1144551.122386123,955236.6747292785,1078147.3099090224,943076.1622796236,956631.817987738
2025-05-20 18:30:00+00:00,1008854.0835183031,1148858.773306935,957849.3840493469,1081163.1731867285,945655.6151651688,957823.5749828198
2025-05-20 19:30:00+00:00,1013113.6369240648,1154223.8401433262,961893.6715249328,1086375.9000115122,949648.4240546788,959900.9132908711
2025-05-21 13:30:00+00:00,1010889.6457283861,1152164.50760363,959782.0746316223,1084660.1554668718,947563.7050782043,951601.0484298766
2025-05-21 14:30:00+00:00,1024390.3869851,1169054.9898731587,972600.5261391907,1099805.6191586088,960218.9941589482,952517.2912387016
2025-05-21 15:30:00+00:00,1033506.6457283861,1180506.2870822952,981256.0746316223,1109836.586853484,968764.3686341291,952157.4359750189
2025-05-21 16:30:00+00:00,1004330.6375038988,1146789.8834058002,953554.5403603821,1077728.143308493,941415.4393211234,941925.8968751105
2025-05-21 17:30:00+00:00,1001541.2443154223,1144653.6687654704,950906.1153115539,1074997.397479631,938800.725322181,944025.3747159858
2025-05-21 18:30:00+00:00,988225.1358559496,1130279.799719667,938262.9657754211,1060921.6944007347,926318.5068438911,940355.5714397917
2025-05-21 19:30:00+00:00,993135.2179024584,1136972.771483078,942924.9059914856,1067111.8587012857,930921.1065476546,941397.9744435993
2025-05-22 13:30:00+00:00,1003011.2894966967,1148437.0357004993,952301.8685158996,1079120.3061841568,940178.7123805976,939499.0702274767
2025-05-22 14:30:00+00:00,1001805.1369240648,1147556.2348538633,951156.6715249328,1078282.6501243052,939048.0922767164,940549.4680625817
2025-05-22 15:30:00+00:00,1005687.7173226244,1152066.9471853916,954843.0371560364,1083785.2434380632,942687.5352071974,942836.3412348622
2025-05-22 16:30:00+00:00,1006562.2210762865,1153677.825600329,955673.3459328918,1085485.5597918555,943507.2752195679,943881.2041867614
2025-05-22 17:30:00+00:00,1005235.3957283861,1152286.396825723,954413.5746316223,1084629.1199139054,942263.5391892231,945572.3306444343
2025-05-22 18:30:00+00:00,1009635.868247307,1157378.1035721696,958591.6595620422,1090119.170521837,946388.4424637835,946543.9222853199
2025-05-22 19:30:00+00:00,1001125.8492806322,1148093.4230738676,950511.713181427,1081117.9672194687,938411.3434246974,941225.5145113217
2025-05-23 13:30:00+00:00,984088.4409096605,1130269.180576611,934335.327835968,1063756.2366374875,922440.8626917149,934397.4893066935
2025-05-23 14:30:00+00:00,987480.9679024584,1134254.9944715558,937556.4059914856,1068030.3483684359,925620.9406586734,935345.4478748421
2025-05-23 15:30:00+00:00,987707.1286995775,1133919.889025583,937771.1372536926,1068158.280159545,925832.9386676606,935550.8535404891
2025-05-23 16:30:00+00:00,994793.8071053392,1141883.6727575534,944499.6747292785,1075617.7324075673,932475.8305016612,938799.3907059998
2025-05-23 17:30:00+00:00,996188.5036995775,1145170.0345521595,945823.8872536926,1078432.4799375166,933783.1875011324,938349.1323499515
2025-05-23 18:30:00+00:00,992335.372519768,1141530.5914384334,942165.4825600891,1074967.3405892306,930171.349601323,936778.367638188
2025-05-23 19:30:00+00:00,989968.8517067797,1140037.6252837754,939918.559098175,1074169.6330471998,927953.0265896833,935915.8044109329
2025-05-27 13:30:00+00:00,1019987.6137459642,1174645.6187740322,968420.2567605285,1107240.805598219,956091.9342413665,946349.1471096401
2025-05-27 14:30:00+00:00,1019371.0207283861,1174526.381983834,967834.8246316223,1106749.9520994578,955513.9539116761,948463.736060221
2025-05-27 15:30:00+00:00,1019762.9484169848,1175807.8120756142,968206.9453896789,1107679.5546174431,955881.3380503431,949715.4103623908
2025-05-27 16:30:00+00:00,1022311.2261269457,1180296.1666328714,970626.4402627258,1110715.2144481107,958270.0358606603,950341.1157305422
2025-05-27 17:30:00+00:00,1019684.6088936693,1177566.1123833403,968132.5649270325,1108001.0339360326,955807.9043554701,951619.2344746966
2025-05-27 18:30:00+00:00,1018843.235511101,1177512.0647030012,967333.7122048645,1107365.015331718,955019.2200026053,951284.5936789525
2025-05-27 19:30:00+00:00,1021481.9315255053,1180897.347804089,969839.0558938293,1110484.13807258,957492.673883657,952411.4256154747
2025-05-28 13:30:00+00:00,1019785.610511101,1179851.4455196667,968228.4622048645,1108712.4655036326,955902.5809841022,951634.52129498
2025-05-28 14:30:00+00:00,1022250.1420052416,1183685.738076234,970568.4431618957,1112520.7333202336,958212.7769884466,949075.7360032907
2025-05-28 15:30:00+00:00,1024876.759238518,1187664.5428403276,973062.3184975891,1116503.7537596032,960674.9084936368,949912.2062097173
2025-05-28 16:30:00+00:00,1028719.3071053392,1192929.5707997615,976710.6747292785,1120924.2716813595,964276.8258355483,950281.4619893214
2025-05-28 17:30:00+00:00,1030377.8963082201,1194350.3023968833,978285.4434670715,1121986.9634611073,965831.5497895549,949831.642909718
2025-05-28 18:30:00+00:00,1031584.1639168627,1194981.1473482403,979430.7496804504,1122922.6725689594,966962.2777255871,948604.831654331
2025-05-28 19:30:00+00:00,1016367.4304879076,1177972.1998909004,964983.0274514465,1107677.5982250958,952698.456447457,947013.333094367
2025-05-29 13:30:00+00:00,1060151.631644524,1229874.3511105874,1006554.4973916321,1156005.7528800461,993740.7749594768,948216.5991323061
2025-05-29 14:30:00+00:00,1067997.547721184,1239229.4821796555,1014003.9027871399,1166183.4712476896,1001095.3589904842,948128.392422165
2025-05-29 15:30:00+00:00,1059781.5607979663,1230850.8075071564,1006203.1288918762,1157554.681323636,993393.8789295115,945343.8190377844
2025-05-29 16:30:00+00:00,1054540.4051125415,1225015.9617069412,1001226.846573761,1153216.5075118586,988480.9382949927,947162.2478091966
2025-05-29 17:30:00+00:00,1043753.5934212572,1214294.229024773,990985.170212677,1142624.9499179905,978369.6253220948,946323.0540888115
2025-05-29 18:30:00+00:00,1047265.297721184,1220324.7509663056,994319.4027871399,1147100.251709983,981661.4173975531,947889.3381808368
2025-05-29 19:30:00+00:00,1049300.7448952564,1222694.260604355,996251.9841470032,1148606.7867691468,983569.3994784376,949566.0563711162
2025-05-30 13:30:00+00:00,1035579.8247139818,1206707.4503016206,983224.4809426575,1133588.212245221,970707.7196605618,950458.4903966262
2025-05-30 14:30:00+00:00,1026118.3429024584,1197584.8634667231,974241.1559914856,1124526.8092238167,961838.7409000449,949618.9452550851
2025-05-30 15:30:00+00:00,1007157.7625038988,1174672.4880235167,956238.7903603821,1103589.1793379786,944065.522265614,944533.9689839202
2025-05-30 16:30:00+00:00,1013734.0261299975,1182484.2055685115,962482.7079934387,1112024.044058191,950229.9628453541,946428.1290144377
2025-05-30 17:30:00+00:00,1016129.1909096605,1185483.2790872,964756.827835968,1114839.3732125089,952475.1360626083,949603.5705795129
2025-05-30 18:30:00+00:00,1019785.610511101,1190589.6691884687,968228.4622048645,1119518.594144283,955902.5809841022,952653.8183577843
2025-05-30 19:30:00+00:00,1016581.5125038988,1187945.860959044,965186.2903603821,1116588.1605757049,952899.1320805827,949866.785025312
2025-06-02 13:30:00+00:00,1030303.2379372484,1204030.371065048,978214.5581216125,1132688.979429655,965761.5667235159,946153.7569469374
2025-06-02 14:30:00+00:00,1028793.9654763109,1202759.6929407644,976781.5600747375,1131479.7427147026,964346.8089015873,945438.2634734432
2025-06-02 15:30:00+00:00,1035938.6220314867,1211142.5507276775,983565.1456460266,1140614.3421468714,971044.048139723,945617.0489865277
2025-06-02 16:30:00+00:00,1037163.0653298266,1212862.374795573,984727.7090005188,1143144.5071270382,972191.8135556229,946080.2220700568
2025-06-02 17:30:00+00:00,1040641.5242226488,1217563.9938947794,988030.3762978821,1148035.258756404,975452.4421394245,949437.1726621751
2025-06-02 18:30:00+00:00,1037577.6551125414,1215117.8307899255,985121.346573761,1144906.8704611957,972580.4406280491,950875.0123217042
2025-06-02 19:30:00+00:00,1035655.173301018,1212706.5505699036,983296.0216225891,1142758.904703787,970778.3497195072,951749.6995788394
2025-06-03 13:30:00+00:00,1065283.5031197437,1247438.76369464,1011427.0184182434,1176516.6196782512,998551.2750504871,951996.8365067543
2025-06-03 14:30:00+00:00,1069203.0100777515,1252622.6474217377,1015148.444443634,1181586.2986957252,1002225.3321014589,953865.6063587549
2025-06-03 15:30:00+00:00,1067281.3335183032,1251338.6159408882,1013323.8840493469,1180645.4744624884,1000423.9960179745,955603.998961902
2025-06-03 16:30:00+00:00,1067658.3065255054,1252418.0577257501,1013681.8058938293,1182950.035494213,1000777.3619770034,956582.0918941724
2025-06-03 17:30:00+00:00,1064226.5522530444,1250017.4587119964,1010423.4828957825,1179703.8855393543,997560.5132465329,956853.3890265581
2025-06-03 18:30:00+00:00,1066414.3071053394,1253251.2101287227,1012500.6747292785,1182568.961570127,999611.265095423,956339.4355859957
2025-06-03 19:30:00+00:00,1065057.3423226245,1251715.7953634576,1011212.2871560364,1181720.7561894166,998339.2770415,956420.4381624399
2025-06-04 13:30:00+00:00,1062908.699713982,1250077.910407524,1009172.2309426575,1181269.1840919515,996325.1881239709,957930.4070142257
2025-06-04 14:30:00+00:00,1065471.9321053394,1254563.0370100325,1011605.9247292785,1185475.5492221373,998727.9041139261,957225.3683201207
2025-06-04 15:30:00+00:00,1059328.4339516528,1247621.8434691199,1005772.9018105774,1179217.0272801204,992969.1280864797,955677.9731152273
2025-06-04 16:30:00+00:00,1061438.5394966968,1250564.5764842778,1007776.3685158996,1182354.1758132854,994947.0932334033,957259.280461669
2025-06-04 17:30:00+00:00,1067686.9504921802,1258880.883307091,1013709.0022744446,1191291.7701585412,1000804.2121826177,957365.2339401849
2025-06-04 18:30:00+00:00,1068072.8963082202,1259774.2364931148,1014075.4434670715,1193625.1168187284,1001165.9890494295,956192.1022663678
2025-06-04 19:30:00+00:00,1069279.8541329273,1261599.373392834,1015221.4050149231,1195472.4144877149,1002297.3639783681,954345.8233683471
2025-06-05 13:30:00+00:00,1070397.1989052661,1263207.4002248787,1016282.2823037414,1198519.023930392,1003344.7376616297,953292.0870322606
2025-06-05 14:30:00+00:00,1078393.0069039233,1273015.5926618155,1023874.0045022278,1208601.3096620564,1010839.8269854704,957088.1383587262
2025-06-05 15:30:00+00:00,1078137.511924065,1274286.6293656034,1023631.4215249328,1209233.5557251864,1010600.3317779625,957165.099591877
2025-06-05 16:30:00+00:00,1067384.6358559497,1262575.633532865,1013421.9657754211,1198297.7893409743,1000520.8292896277,956031.0635216581
2025-06-05 17:30:00+00:00,1060873.137503899,1256518.3968219548,1007239.5403603821,1192617.1055256259,994417.0982109354,954583.1205038958
2025-06-05 18:30:00+00:00,1052392.5677559741,1247504.0895777661,999187.5549172668,1183881.203972216,986467.6042025209,950618.211312001
2025-06-05 19:30:00+00:00,1055105.8071053394,1252499.9541965656,1001763.6747292785,1187179.2318522665,989010.9333174606,951920.6659712042
2025-06-06 13:30:00+00:00,1067884.4673226245,1268464.7886456782,1013896.5371560364,1202678.9440703948,1000989.3599859906,963143.8277178869
2025-06-06 14:30:00+00:00,1068261.4403298267,1269385.1464493775,1014254.4590005188,1204682.471079163,1001342.7259450195,959644.9029787687
2025-06-06 15:30:00+00:00,1072520.8786995776,1275587.4797150295,1018298.6372536926,1211356.3466327586,1005335.4270023785,960549.9881658925
2025-06-06 16:30:00+00:00,1071427.8065255054,1275466.3757607206,1017260.8058938293,1210296.3856310437,1004310.8059029909,959284.1691621961
2025-06-06 17:30:00+00:00,1073312.5565255054,1278847.587026274,1019050.3058938293,1212830.6989473535,1006077.5278659846,961239.7400397141
2025-06-06 18:30:00+00:00,1071102.0245430835,1277959.7939434717,1016951.4880227356,1210656.9872915721,1004005.4252511844,961962.349791616
2025-06-06 19:30:00+00:00,1068223.7085183032,1274860.8164910332,1014218.6340493469,1208286.0055115523,1001307.3569994713,961694.0397390558
2025-06-09 13:30:00+00:00,1088465.9051125415,1299713.2367947928,1033437.846573761,1232054.43178215,1020281.9336288798,959406.1123033074
2025-06-09 14:30:00+00:00,1079457.5501473316,1289398.1057061073,1024884.7487038879,1222771.9818180816,1011837.7057113947,959442.4843929472
2025-06-09 15:30:00+00:00,1072257.1011269458,1281649.2376651873,1018048.1902627258,1214809.436798034,1005088.1678799941,961769.4195770049
2025-06-09 16:30:00+00:00,1076365.8423226245,1287398.5401342446,1021949.2871560364,1220385.9181486727,1008939.6088194624,964104.8767240942
2025-06-09 17:30:00+00:00,1076892.8222878345,1288401.391803413,1022449.6350259094,1222158.9266927976,1009433.5879034756,964293.150608389
2025-06-09 18:30:00+00:00,1076403.4590981372,1288968.913406932,1021985.0028847961,1221789.6535375328,1008974.8699328596,963372.6028904038
2025-06-09 19:30:00+00:00,1074707.2531197437,1288186.002689346,1020374.5184182434,1220439.212703697,1007384.8848654558,961591.0733403653
2025-06-10 13:30:00+00:00,1076592.0031197437,1291904.5287805873,1022164.0184182434,1223541.1269400513,1009151.6068284495,962171.7968005565
2025-06-10 14:30:00+00:00,1075740.046424187,1292101.279461313,1021355.1172341614,1222848.6819816586,1008353.0019176871,962826.230848206
2025-06-10 15:30:00+00:00,1078966.8065255054,1296612.7811924156,1024418.8058938293,1226707.1055963857,1011377.6937549658,963292.0395904046
2025-06-10 16:30:00+00:00,1075498.8159096607,1294312.3866852135,1021126.077835968,1223717.675402466,1008126.8778969109,964247.7294239838
2025-06-10 17:30:00+00:00,1079003.7330849536,1298562.7126468131,1024453.8662881164,1227913.8137622396,1011412.3078754565,961583.1663643566
2025-06-10 18:30:00+00:00,1085638.7801125415,1306331.3880142858,1030753.596573761,1234932.2466798902,1017631.8506843892,963659.362553651
2025-06-10 19:30:00+00:00,1085261.8071053394,1307379.1084982238,1030395.6747292785,1236352.4019898565,1017278.4847253603,964369.1454333612
2025-06-11 13:30:00+00:00,1089237.1065285571,1312522.1023907452,1034170.0736245422,1242422.6485920942,1021004.840369597,967387.2381758641
2025-06-11 14:30:00+00:00,1086770.3893502124,1310810.5995944527,1031828.0174416809,1240479.7293424734,1018692.5955543824,967715.8169566682
2025-06-11 15:30:00+00:00,1080963.8316719898,1304554.8492466076,1026314.9069680481,1234799.3136852745,1013249.6598973956,966917.827366817
2025-06-11 16:30:00+00:00,1083452.5207283862,1308743.1838230162,1028677.8246316223,1237805.2369785632,1015582.500653463,969478.8968960199
2025-06-11 17:30:00+00:00,1074116.1980965503,1298533.9904605097,1019813.3336648254,1227414.6473222834,1006830.8432733011,963164.7372766653
2025-06-11 18:30:00+00:00,1073576.3340981372,1298310.873445779,1019300.7528847961,1226993.5742052086,1006324.786988369,962987.9724352274
2025-06-11 19:30:00+00:00,1076893.512503899,1303025.6709977519,1022450.2903603821,1231839.893560887,1009434.2348963821,964336.7268317257
2025-06-12 13:30:00+00:00,1086128.8335183032,1314753.6469876403,1031218.8840493469,1244245.6613004822,1018091.2156479118,963781.0421288953
2025-06-12 14:30:00+00:00,1089040.394950188,1318508.435780121,1033983.3032998352,1248987.5084592602,1020820.4473912816,963601.7294840768
2025-06-12 15:30:00+00:00,1089031.3071053394,1319928.3387260474,1033974.6747292785,1249849.9882700692,1020811.9286513478,964410.5252744731
2025-06-12 16:30:00+00:00,1088126.6639168628,1318831.9433403052,1033115.7496804504,1248811.790516163,1019963.9366153991,965070.8456264846
2025-06-12 17:30:00+00:00,1089219.8511269458,1321398.8859856366,1034153.6902627258,1251026.9776356788,1020988.6655469377,965275.1091733748
2025-06-12 18:30:00+00:00,1091330.761924065,1324386.8836727617,1036157.9215249328,1253702.2195841037,1022967.3855189186,965823.4140319305
2025-06-12 19:30:00+00:00,1093177.7801125415,1326955.3604788778,1037911.596573761,1257559.362365558,1024698.7385363642,966412.2201787082
